smiles,pIC50
COc1ccc(Cl)cc1C(=O)NCCc1ccc(S(=O)(=O)NC(=O)NC2CCCCC2)cc1,4.92
CC(C)c1cc(Cl)cc(C(C)C)c1NC(=O)NS(=O)(=O)c1cccc(C(C)O)c1,6.68
CC(C)c1cc(Cl)cc(C(C)C)c1NC(=O)NS(=O)(=O)c1cccc(C(C)(C)O)c1,6.58
C=C1C(=O)C[C@H]2[C@H]1CC/C(C)=C/CC[C@@]1(C)O[C@@H]21,5.59
CC(C)(O)c1coc(S(=O)(=O)NC(=O)Nc2c3c(cc4c2C(O)CC4)CCC3)c1,6.63
CC(C)(O)c1coc(S(=O)(=O)NC(=O)Nc2c3c(cc4c2CCC4O)CCC3)c1,5.71
CC(C)(O)c1coc(S(=O)(=O)NC(=O)Nc2c3c(cc4c2CC[C@H]4O)CCC3)c1,5.91
CC(C)(O)c1coc(S(=O)(=O)NC(=O)Nc2c3c(cc4c2CC[C@@H]4O)CCC3)c1,5.2
CC(C)(O)c1coc(S(=O)(=O)NC(=O)Nc2c3c(cc4c2CC(O)C4)CCC3)c1,5.74
O=C1C=C[C@@H](CO)OC1,4.38
CC(=O)OC[C@@H]1C=CC(=O)CO1,5.37
CCCC(=O)OC[C@@H]1C=CC(=O)CO1,5.44
CCCCCCCC(=O)OC[C@@H]1C=CC(=O)CO1,5.29
CC(=O)OC[C@@H]1C=C(F)C(=O)CO1,5.43
O=C1C(F)=C[C@@H]2CO[C@H]1O2,5.32
CC(=O)OC1=C(F)C(C(C)=O)[C@@H]2CO[C@H]1O2,5.43
O=C1C=C[C@H]2CO[C@@H]1O2,5.18
CC(C)(O)c1coc(S(=O)(=O)NC(=O)Nc2c3c(cc4c2CCC4)CCC3)c1,8.1
CC(C)(O)c1coc(S(=O)(=O)NC(=O)Nc2c3c(cc4c2CCC4)CCC3)c1,8.3
[2H]C([2H])([2H])C(O)(c1coc(S(=O)(=O)NC(=O)Nc2c3c(cc4c2CCC4)CCC3)c1)C([2H])([2H])[2H],8.3
[2H]C1([2H])CCc2cc3c(c(NC(=O)NS(=O)(=O)c4cc(C(C)(C)O)co4)c21)C([2H])([2H])CC3,8.22
[2H]C1([2H])CCc2c1cc1c(c2NC(=O)NS(=O)(=O)c2cc(C(C)(C)O)co2)CCC1([2H])[2H],8.15
[2H]C1([2H])CCc2c1cc1c(c2NC(=O)NS(=O)(=O)c2cc(C(C)(C)O)co2)CCC1,8.22
COc1ccc(C/C(=N\O)c2nc3ccc(OC)cc3o2)cc1,5.91
COc1ccc(C/C(=N\O)c2nc3ccc(Cl)cc3o2)cc1,5.24
O/N=C(\Cc1ccccc1)c1nc2ccc(Cl)cc2o1,4.66
Cc1ccc2nc(/C(Cc3ccccc3)=N/O)oc2c1,4.8
COc1ccccc1C(=O)O/N=C(\C)c1nc2ccccc2o1,4.4
O=C(/C=C/c1ccc(O)cc1)c1ccc(O)cc1O,5.81
CC(C)(O)c1coc(S(=O)(=O)NC(=O)Nc2c3c(cc4c2CCC4)CCC3)c1,8.09
C=C(Cc1ccccc1Cl)C(=O)NCCc1ccc(S(N)(=O)=O)cc1,4.13
CC(=O)C1=C(C(Cl)(Cl)Cl)N[B-](c2ccccc2)(c2ccccc2)[O+]=C1N,7.13
O=c1cc(-c2ccc(O)cc2)oc2cc(O)cc(O)c12,5.0
CCn1c(-c2ccccc2)nc2cc(C)ccc21,5.0
Cc1ccc(S(=O)(=NC#N)NC(=O)Nc2c3c(cc4c2CCC4)CCC3)cc1,8.17
Cc1ccc(S(=O)(=O)NC(=O)Nc2c3c(cc4c2CCC4)CCC3)cc1,7.82
O=C(Nc1c2c(cc3c1CCC3)CCC2)NS(=O)(=O)c1ccccc1,7.46
CC(C)(O)c1coc(S(=O)(=O)NC(=O)Nc2c3c(cc4c2CCC4)CCC3)c1,8.1
N#CN=S(=O)(NC(=O)Nc1c2c(cc3c1CCC3)CCC2)c1ccccc1,7.68
Cc1ccc(S(=O)(=NC#N)NC(=O)Nc2c3c(cc4c2CCC4)CCC3)cc1F,8.28
N#CN=S(=O)(NC(=O)Nc1c2c(cc3c1CCC3)CCC2)c1ccc(C#N)cc1,7.47
N#CN=S(=O)(NC(=O)Nc1c2c(cc3c1CCC3)CCC2)c1cccc(C#N)c1,7.93
N#CN=S(=O)(NC(=O)Nc1c2c(cc3c1CCC3)CCC2)c1ccncc1,6.96
N#CN=S(=O)(NC(=O)Nc1c2c(cc3c1CCC3)CCC2)c1cccnc1,7.44
N#CN=S(=O)(NC(=O)Nc1c2c(cc3c1CCC3)CCC2)c1ccccn1,7.64
C/C(=N\NS(=O)(=O)c1ccc(C)cc1)c1nc2ccccc2o1,4.86
COc1ccc(S(=O)(=O)N/N=C(\C)c2nc3ccccc3o2)cc1,5.12
O=C(/C=C/c1ccc(O)cc1)c1ccc(O)cc1O,5.0
O=C(O)c1ccc(/C=C2\SC(=S)N(c3cccc(C(F)(F)F)c3)C2=O)cc1,5.19
CN1CCN(C(=O)c2ccc(/C=C3\SC(=S)N(c4cccc(C(F)(F)F)c4)C3=O)cc2)CC1,5.57
O=C(c1ccc(/C=C2\SC(=S)N(c3cccc(C(F)(F)F)c3)C2=O)cc1)N1CCOCC1,5.56
O=C(c1ccc(/C=C2\SC(=S)N(c3cccc(C(F)(F)F)c3)C2=O)cc1)N1CCC(O)CC1,5.61
CN1CCN(C(=O)c2ccc(/C=C3\SC(=S)N(c4cccc(OC(F)(F)F)c4)C3=O)cc2)CC1,5.59
O=C(c1ccc(/C=C2\SC(=S)N(c3cccc(OC(F)(F)F)c3)C2=O)cc1)N1CCOCC1,5.5
CN1CCN(C(=O)c2ccc(/C=C3\SC(=S)N(c4cccc([N+](=O)[O-])c4)C3=O)cc2)CC1,5.53
O=C(O)c1ccc(/C=C2\SC(=S)N(Cc3cccc(C(F)(F)F)c3)C2=O)cc1,5.62
O=C(O)c1ccc(/C=C2\SC(=S)N(CCc3cccc(C(F)(F)F)c3)C2=O)cc1,5.23
O=C(O)c1ccc(/C=C2\SC(=S)N(CCCc3cccc(C(F)(F)F)c3)C2=O)cc1,5.37
O=C1/C(=C/c2ccc(-c3nnn[nH]3)cc2)SC(=S)N1Cc1cccc(C(F)(F)F)c1,5.25
O=C1/C(=C/c2ccc(-c3nnn[nH]3)cc2)SC(=S)N1CCc1cccc(C(F)(F)F)c1,5.19
O=C1/C(=C/c2ccc(-c3nnn[nH]3)cc2)SC(=S)N1CCCc1cccc(C(F)(F)F)c1,5.31
O=C(O)c1ccc(/C=C2\SC(=O)N(Cc3cccc(C(F)(F)F)c3)C2=O)cc1,5.22
O=C1S/C(=C\c2ccc(-c3nnn[nH]3)cc2)C(=O)N1Cc1cccc(C(F)(F)F)c1,5.25
O=C(O)c1ccc(/C=C2\SC(=S)N(Cc3cccc(F)c3)C2=O)cc1,5.45
O=C(O)c1ccc(/C=C2\SC(=S)N(Cc3cccnc3)C2=O)cc1,5.2
O=C(O)c1ccc(/C=C2\SC(=S)N(Cc3ccc(-c4ccccc4)cc3)C2=O)cc1,5.12
O=C(Nc1c2c(cc3c1CCC3)CCC2)NS(=O)(=O)/C=C/c1nccs1,7.48
O=C(Nc1c2c(cc3c1CCC3)CCC2)NS(=O)(=O)/C=C/c1nccs1,7.62
O=C(Nc1c2c(cc3c1CCC3)CCC2)NS(=O)(=O)/C=C/c1nccs1,7.58
CC(C)(O)c1coc(S(=O)(=O)NC(=O)Nc2c3c(cc4c2CCC4)CCC3)c1,8.1
CC(C)(O)c1coc(/C=C/S(=O)(=O)NC(=O)Nc2c3c(cc4c2CCC4)CCC3)c1,6.68
O=C(Nc1c2c(cc3c1CCC3)CCC2)NS(=O)(=O)/C=C/c1cccs1,7.16
O=C(Nc1c2c(cc3c1CCC3)CCC2)NS(=O)(=O)/C=C/c1ccsc1,7.02
O=C(Nc1c2c(cc3c1CCC3)CCC2)NS(=O)(=O)/C=C/c1ccncc1,6.79
O=C(Nc1c2c(cc3c1CCC3)CCC2)NS(=O)(=O)/C=C/c1ccccn1,6.0
O=C(Nc1c2c(cc3c1CCC3)CCC2)NS(=O)(=O)/C=C/c1nccs1,7.46
Cc1csc(/C=C/S(=O)(=O)NC(=O)Nc2c3c(cc4c2CCC4)CCC3)n1,7.12
Cc1cnc(/C=C/S(=O)(=O)NC(=O)Nc2c3c(cc4c2CCC4)CCC3)s1,5.97
O=C(Nc1c2c(cc3c1CCC3)CCC2)NS(=O)(=O)/C=C/c1cncs1,6.9
O=C(Nc1c2c(cc3c1CCC3)CCC2)NS(=O)(=O)/C=C/c1cscn1,6.43
CC(C)(O)c1csc(/C=C/S(=O)(=O)NC(=O)Nc2c3c(cc4c2CCC4)CCC3)n1,6.85
O=C(Nc1c2c(cc3c1CCC3)CCC2)NS(=O)(=O)/C=C/c1nc(CO)cs1,6.51
CCSCc1csc(/C=C/S(=O)(=O)NC(=O)Nc2c3c(cc4c2CCC4)CCC3)n1,7.03
CC[S+]([O-])Cc1csc(/C=C/S(=O)(=O)NC(=O)Nc2c3c(cc4c2CCC4)CCC3)n1,6.61
CCS(=O)(=O)Cc1csc(/C=C/S(=O)(=O)NC(=O)Nc2c3c(cc4c2CCC4)CCC3)n1,7.1
CN(C)C(=O)c1csc(/C=C/S(=O)(=O)NC(=O)Nc2c3c(cc4c2CCC4)CCC3)n1,6.46
Cc1c2c(c(NC(=O)NS(=O)(=O)/C=C/c3nccs3)c3c1CCC3)CCC2,6.53
CC(C)(O)c1coc(S(=O)(=O)[N-]C(=O)Nc2c3c(cc4c2CCC4)CCC3)c1.[Na+],7.52
O=C([N-]S(=O)(=O)c1ccco1)Nc1c2c(cc3c1CCC3)CCC2.[K+],6.35
O=C([N-]S(=O)(=O)c1ccccc1)Nc1c2c(cc3c1CCC3)CCC2.[Na+],5.75
CS(=O)(=O)[N-]C(=O)Nc1c2c(cc3c1CCC3)CCC2.[Na+],5.55
COC(=O)CNC(=O)Nc1c2c(cc3c1CCC3)CCC2,5.17
CCOC(=O)CNC(=O)Nc1c2c(cc3c1CCC3)CCC2,5.8
CC(C)OC(=O)CNC(=O)Nc1c2c(cc3c1CCC3)CCC2,5.75
CCOC(=O)CNC(=O)Nc1cc2c(c3c1CCCC3)CCC2,5.51
COC(=O)C(Cc1ccccc1)NC(=O)Nc1c2c(cc3c1CCC3)CCC2,4.85
COC(=O)[C@@H](Cc1ccccc1)NC(=O)Nc1c2c(cc3c1CCC3)CCC2,5.21
COC(=O)C(Cc1ccccc1O)NC(=O)Nc1c2c(cc3c1CCC3)CCC2,5.6
COC(=O)C(Cc1cccc(O)c1)NC(=O)Nc1c2c(cc3c1CCC3)CCC2,5.7
COC(=O)[C@@H](Cc1ccc(O)cc1)NC(=O)Nc1c2c(cc3c1CCC3)CCC2,5.57
COC(=O)[C@@H](Cc1cccc(C#N)c1)NC(=O)Nc1c2c(cc3c1CCC3)CCC2,5.82
COC(=O)[C@@H](Cc1ccc(C#N)cc1)NC(=O)Nc1c2c(cc3c1CCC3)CCC2,5.82
COC(=O)[C@@H](Cc1ccccn1)NC(=O)Nc1c2c(cc3c1CCC3)CCC2,5.38
COC(=O)[C@@H](Cc1cccnc1)NC(=O)Nc1c2c(cc3c1CCC3)CCC2,5.82
CCOC(=O)C(Cc1ccncn1)NC(=O)Nc1c2c(cc3c1CCC3)CCC2,5.17
COC(=O)[C@@H](Cc1cncnc1)NC(=O)Nc1c2c(cc3c1CCC3)CCC2,5.35
COC(=O)[C@@H](Cc1cccnn1)NC(=O)Nc1c2c(cc3c1CCC3)CCC2,5.48
CCOC(=O)C(Cc1ccnnc1)NC(=O)Nc1c2c(cc3c1CCC3)CCC2,5.22
CCOC(=O)[C@@H](Cc1ncccn1)NC(=O)Nc1c2c(cc3c1CCC3)CCC2,7.44
CCOC(=O)[C@@H](Cc1cnccn1)NC(=O)Nc1c2c(cc3c1CCC3)CCC2,7.52
CC(C)(O)c1coc(S(=O)(=O)[N-]C(=O)Nc2c3c(cc4c2CCC4)CCC3)c1.[Na+],5.54
CCOC(=O)[C@@H](Cc1ncccn1)NC(=O)Nc1c2c(cc3c1CCC3)CCC2,6.8
CCOC(=O)[C@@H](Cc1cnccn1)NC(=O)Nc1c2c(cc3c1CCC3)CCC2,6.43
CC(C)(O)c1coc(S(=O)(=O)[N-]C(=O)Nc2c3c(cc4c2CCC4)CCC3)c1.[Na+],7.55
CCOC(=O)[C@@H](Cc1ncccn1)NC(=O)Nc1c2c(cc3c1CCC3)CCC2,7.48
CCOC(=O)[C@@H](Cc1cnccn1)NC(=O)Nc1c2c(cc3c1CCC3)CCC2,6.7
COc1cc(/C=C/C(=O)CC(=O)/C=C/c2ccc(O)c(OC)c2)ccc1O,4.62
COc1c(/C=C/C(=O)c2ccccc2)cc(OC)c2occc12,5.89
CC1=C2CC[C@@](C)(O)[C@@H]2[C@H]2OC(=O)[C@@H](CN(C)CCCOc3no[n+]([O-])c3S(=O)(=O)c3ccccc3)[C@@H]2CC1,5.64
CC1=C2CC[C@@](C)(O)[C@@H]2[C@H]2OC(=O)[C@@H](CN(C)CCOc3no[n+]([O-])c3S(=O)(=O)c3ccccc3)[C@@H]2CC1,5.77
C/C1=C\CC[C@]2(C)O[C@@H]2[C@H]2OC(=O)[C@@H](CN(C)CCCOc3no[n+]([O-])c3S(=O)(=O)c3ccccc3)[C@@H]2CC1,5.66
C/C1=C\CC[C@]2(C)O[C@@H]2[C@H]2OC(=O)[C@@H](CN(C)CCOc3no[n+]([O-])c3S(=O)(=O)c3ccccc3)[C@@H]2CC1,6.0
C=C1C(=O)O[C@H]2[C@H]1CCC(C)=C1CC[C@@](C)(O)[C@@H]12,5.23
O=S(=O)(c1ccccc1)c1no[n+]([O-])c1S(=O)(=O)c1ccccc1,5.72
C=C1C(=O)O[C@@H]2[C@H]3O[C@@]3(C)CC/C=C(\C)CC[C@@H]12,5.75
CC(C)(O)c1coc(S(=O)(=O)NC(=O)Nc2c3c(cc4c2CCC4)CCC3)c1,8.09
CS(=O)(=O)N1CCCc2ccc(N(S(=O)(=O)c3ccccc3[N+](=O)[O-])S(=O)(=O)c3ccccc3[N+](=O)[O-])cc21,4.86
CC(=O)c1ccc(S(=O)(=O)N(c2ccc3c(c2)N(S(C)(=O)=O)CCC3)S(=O)(=O)c2ccc(C(C)=O)cc2)cc1,5.11
CS(=O)(=O)N1CCCc2ccc(N(S(=O)(=O)c3ccc(-c4ccccc4)cc3)S(=O)(=O)c3ccc(-c4ccccc4)cc3)cc21,4.83
CC(C)(C)c1ccc(S(=O)(=O)N(c2ccc3c(c2)N(S(C)(=O)=O)CCC3)S(=O)(=O)c2ccc(C(C)(C)C)cc2)cc1,5.01
CCCCS(=O)(=O)N(c1ccc2c(c1)N(S(C)(=O)=O)CCC2)S(=O)(=O)CCCC,4.83
CS(=O)(=O)N1CCCc2ccc(N(S(=O)(=O)CCN3C(=O)c4ccccc4C3=O)S(=O)(=O)CCN3C(=O)c4ccccc4C3=O)cc21,4.93
CC(C)(O)c1coc(S(=O)(=O)NC(=O)Nc2c3c(cc4c2CCC4)CCC3)c1,8.09
C=C(Cc1ccccc1Cl)C(=O)NCCc1ccc(S(N)(=O)=O)cc1,4.13
CC(C)(O)c1coc(S(=O)(=O)NC(=O)Nc2c3c(cc4c2CCC4)CCC3)c1,7.89
O=C(Nc1c2c(cc3c1CCC3)CCC2)NS(=O)(=O)c1ccc(Cl)c2nonc12,6.84
CN(C)c1ccc(S(=O)(=O)NC(=O)Nc2c3c(cc4c2CCC4)CCC3)c2nonc12,7.22
CC(C)(C)OC(=O)NC1CN(c2ccc(S(=O)(=O)NC(=O)Nc3c4c(cc5c3CCC5)CCC4)c3nonc23)C1,6.02
O=C(Nc1c2c(cc3c1CCC3)CCC2)NS(=O)(=O)c1ccc(N2CCOCC2)c2nonc12,6.97
O=C(Nc1c2c(cc3c1CCC3)CCC2)NS(=O)(=O)c1ccc(N2C[C@@H]3[C@@H](CO)[C@@H]3C2)c2nonc12,6.19
O=C(Nc1c2c(cc3c1CCC3)CCC2)NS(=O)(=O)c1ccc(N2CC3CCC(C2)O3)c2nonc12,6.61
O=C(Nc1c2c(cc3c1CCC3)CCC2)NS(=O)(=O)c1ccc(NC2CC(F)(F)C2)c2nonc12,6.61
O=C(Nc1c2c(cc3c1CCC3)CCC2)NS(=O)(=O)c1ccc(N2CCN(CCO)CC2)c2nonc12,5.62
CN(C)[C@@H]1CCCC[C@H]1N(C)c1ccc(S(=O)(=O)NC(=O)Nc2c3c(cc4c2CCC4)CCC3)c2nonc12,6.2
CSc1ccc(S(=O)(=O)NC(=O)Nc2c3c(cc4c2CCC4)CCC3)c2nonc12,7.21
CN(C)c1cccc2c(S(=O)(=O)NC(=O)Nc3c4c(cc5c3CCC5)CCC4)cccc12,5.04
CN(C)c1ccc(S(=O)(=O)NC(=O)Nc2c3c(cc4c2CCC4)CCC3)c2nsnc12,7.31
CN(C)c1ccc(S(=O)(=O)NC(=O)Nc2c3c(cc4c2CCC4)CCC3)c2n[se]nc12,7.0
O=C(Cc1ccc2cc[nH]c2c1)Nc1cccc(O)c1,7.11
O=C(Cn1ccc2ccccc2c1=O)Nc1cccc(O)c1,5.3
O=C(Cc1ccc2ccccc2c1)Nc1cccc(O)c1,5.79
CC(=O)Nc1ccc(CC(=O)Nc2cccc(O)c2)cc1,5.44
O=C(Cc1ccc(OC(F)F)cc1)Nc1cccc(O)c1,6.42
O=C(Cc1ccc(OC(F)(F)F)cc1)Nc1cccc(O)c1,5.63
O=C(Cc1ccc(C(F)(F)F)cc1)Nc1cccc(O)c1,5.96
O=C(Cc1ccc(Br)cc1)Nc1cccc(O)c1,6.19
O=C(Cc1ccc(Cl)cc1)Nc1cccc(O)c1,5.4
COc1ccc(CC(=O)Nc2cccc(B(O)O)c2)cc1,5.5
CC(C)(C)c1ccc(CC(=O)Nc2cccc(O)c2)cc1,4.91
CC(C)c1ccc(CC(=O)Nc2cccc(O)c2)cc1,6.75
CCCc1ccc(CC(=O)Nc2cccc(O)c2)cc1,5.66
Cc1ccc(CC(=O)Nc2cccc(O)c2)cc1,5.55
CCOc1ccc(CC(=O)Nc2cccc(O)c2)cc1,6.41
COc1ccc(CC(=O)Nc2cccc(O)c2)cc1,6.62
O=C(Cc1cc2ccccc2[nH]1)Nc1cccc(O)c1,4.88
O=C(Cc1ccc2cc[nH]c2c1)NCc1cccc(O)c1,5.38
CN(C(=O)Cc1ccc2cc[nH]c2c1)c1cccc(O)c1,5.15
O=C(Cc1ccc2cc[nH]c2c1)Nc1cccc(O)c1,7.01
O=C(Cc1ccc2cc[nH]c2c1)Nc1cccc(O)c1,7.24
CCc1cc(=O)n2nc(Nc3c4c(cc5c3CCC5)CCC4)nc2[nH]1,5.06
COCCc1cc(=O)n2nc(Nc3c4c(cc5c3CCC5)CCC4)nc2[nH]1,5.55
O=c1cc(Cc2ccccc2)[nH]c2nc(Nc3c4c(cc5c3CCC5)CCC4)nn12,5.75
O=c1cc(CCc2ccccc2)[nH]c2nc(Nc3c4c(cc5c3CCC5)CCC4)nn12,5.47
O=c1cc(C2CCOCC2)[nH]c2nc(Nc3c4c(cc5c3CCC5)CCC4)nn12,5.2
CN1CCCC(c2cc(=O)n3nc(Nc4c5c(cc6c4CCC6)CCC5)nc3[nH]2)C1,5.31
O=c1cc(CC2CCCCC2)[nH]c2nc(Nc3c4c(cc5c3CCC5)CCC4)nn12,5.35
COc1ccc(Cc2cc(=O)n3nc(Nc4c5c(cc6c4CCC6)CCC5)nc3[nH]2)cc1,5.52
O=c1cc(Cc2cccc(Cl)c2)[nH]c2nc(Nc3c4c(cc5c3CCC5)CCC4)nn12,5.55
O=c1cc(Cc2ccc(Cl)cc2)[nH]c2nc(Nc3c4c(cc5c3CCC5)CCC4)nn12,5.0
N#Cc1cccc(Cc2cc(=O)n3nc(Nc4c5c(cc6c4CCC6)CCC5)nc3[nH]2)c1,5.62
N#Cc1ccc(Cc2cc(=O)n3nc(Nc4c5c(cc6c4CCC6)CCC5)nc3[nH]2)cc1,5.8
Cc1ccccc1Cc1cc(=O)n2nc(Nc3c4c(cc5c3CCC5)CCC4)nc2[nH]1,5.4
O=c1cc(Cc2ccccc2F)[nH]c2nc(Nc3c4c(cc5c3CCC5)CCC4)nn12,5.43
O=c1cc(Cc2ccccn2)[nH]c2nc(Nc3c4c(cc5c3CCC5)CCC4)nn12,6.58
O=c1cc(Cc2cccnc2)[nH]c2nc(Nc3c4c(cc5c3CCC5)CCC4)nn12,5.47
O=c1cc(Cc2ccncc2)[nH]c2nc(Nc3c4c(cc5c3CCC5)CCC4)nn12,5.24
O=c1cc(Cc2ncccn2)[nH]c2nc(Nc3c4c(cc5c3CCC5)CCC4)nn12,5.77
O=c1cc(CC2CCOC2)[nH]c2nc(Nc3c4c(cc5c3CCC5)CCC4)nn12,5.3
O=c1cc(CC2CCCCO2)[nH]c2nc(Nc3c4c(cc5c3CCC5)CCC4)nn12,5.72
O=c1cc(CC2CCOCC2)[nH]c2nc(Nc3c4c(cc5c3CCC5)CCC4)nn12,5.47
O=c1cc(CN2CCOCC2)[nH]c2nc(Nc3c4c(cc5c3CCC5)CCC4)nn12,5.11
O=c1cc(CC2CNCCO2)[nH]c2nc(Nc3c4c(cc5c3CCC5)CCC4)nn12,4.7
CN1CCOC(Cc2cc(=O)n3nc(Nc4c5c(cc6c4CCC6)CCC5)nc3[nH]2)C1,5.06
O=c1cc(CC2COCCN2)[nH]c2nc(Nc3c4c(cc5c3CCC5)CCC4)nn12,5.27
CN1CCOCC1Cc1cc(=O)n2nc(Nc3c4c(cc5c3CCC5)CCC4)nc2[nH]1,5.22
Cn1nccc1Cc1cc(=O)n2nc(Nc3c4c(cc5c3CCC5)CCC4)nc2[nH]1,5.7
Cn1ccc(Cc2cc(=O)n3nc(Nc4c5c(cc6c4CCC6)CCC5)nc3[nH]2)n1,5.75
Cn1cc(Cc2cc(=O)n3nc(Nc4c5c(cc6c4CCC6)CCC5)nc3[nH]2)cn1,5.31
Cn1cnc(Cc2cc(=O)n3nc(Nc4c5c(cc6c4CCC6)CCC5)nc3[nH]2)c1,5.26
Cn1cncc1Cc1cc(=O)n2nc(Nc3c4c(cc5c3CCC5)CCC4)nc2[nH]1,4.8
Cc1cc(=S)n2nc(Nc3c4c(cc5c3CCC5)CCC4)nc2[nH]1,6.22
S=c1cc(Cc2ccccn2)[nH]c2nc(Nc3c4c(cc5c3CCC5)CCC4)nn12,7.89
S=c1cc(CC2CCCCO2)[nH]c2nc(Nc3c4c(cc5c3CCC5)CCC4)nn12,6.89
S=c1cc(Cc2ccccn2)[nH]c2nc(Nc3c4c(cc5c3CCC5)CCC4)nn12,5.82
S=c1cc(CC2CCCCO2)[nH]c2nc(Nc3c4c(cc5c3CCC5)CCC4)nn12,5.05
O=c1cc(Cc2ccccn2)[nH]c2nc(Nc3c4c(cc5c3CCC5)CCC4)nn12,6.62
O=c1cc(CC2CCCCO2)[nH]c2nc(Nc3c4c(cc5c3CCC5)CCC4)nn12,5.89
S=c1cc(Cc2ccccn2)[nH]c2nc(Nc3c4c(cc5c3CCC5)CCC4)nn12,7.47
S=c1cc(CC2CCCCO2)[nH]c2nc(Nc3c4c(cc5c3CCC5)CCC4)nn12,6.72
O=C(Nc1c2c(cc3c1CCC3)CCC2)NS(=O)(=O)c1nccs1,5.44
O=C(Nc1c2c(cc3c1CCC3)CCC2)NS(=O)(=O)c1cnccn1,6.02
O=C(Nc1c2c(cc3c1CCC3)CCC2)NS(=O)(=O)c1ccncc1,5.81
O=C(Nc1c2c(cc3c1CCC3)CCC2)NS(=O)(=O)c1cccnc1,5.97
O=C(Nc1c2c(cc3c1CCC3)CCC2)NS(=O)(=O)c1ccccn1,5.88
O=C(Nc1c2c(cc3c1CCC3)CCC2)NS(=O)(=O)c1ccccc1,5.75
O=C(Nc1c2c(cc3c1CCC3)CCC2)NS(=O)(=O)c1ccco1,6.36
CC(C)(O)c1coc(S(=O)(=O)NC(=O)Nc2c3c(cc4c2CCC4)CCC3)c1,7.54
Cc1ncc(S(=O)(=O)NC(=O)Nc2c3c(cc4c2CCC4)CCC3)s1,6.37
Cc1nc(S(=O)(=O)NC(=O)Nc2c3c(cc4c2CCC4)CCC3)cn1C,5.64
Cn1nccc1S(=O)(=O)NC(=O)Nc1c2c(cc3c1CCC3)CCC2,5.59
Cn1ccc(S(=O)(=O)NC(=O)Nc2c3c(cc4c2CCC4)CCC3)n1,6.47
Cn1cc(S(=O)(=O)NC(=O)Nc2c3c(cc4c2CCC4)CCC3)cn1,6.68
CC(C)n1cc(S(=O)(=O)NC(=O)Nc2c3c(cc4c2CCC4)CCC3)cn1,7.07
Cc1c(S(=O)(=O)NC(=O)Nc2c3c(cc4c2CCC4)CCC3)cnn1C,5.59
O=C(Nc1c2c(cc3c1CCC3)CCC2)NS(=O)(=O)c1cnn2c1CCCC2,6.39
O=C(Nc1c2c(cc3c1CCC3)CCC2)NS(=O)(=O)c1cnn2c1OCCC2,7.2
O=C(Nc1c2c(cc3c1CCC3)CCC2)NS(=O)(=O)c1cnn2cccnc12,6.37
CN1CCn2ncc(S(=O)(=O)NC(=O)Nc3c4c(cc5c3CCC5)CCC4)c2C1=O,5.21
CN[C@@H]1COc2c(S(=O)(=O)NC(=O)Nc3c4c(cc5c3CCC5)CCC4)cnn2C1,8.27
CN[C@H]1COc2c(S(=O)(=O)NC(=O)Nc3c4c(cc5c3CCC5)CCC4)cnn2C1,5.85
CN(C)[C@@H]1COc2c(S(=O)(=O)NC(=O)Nc3c4c(cc5c3CCC5)CCC4)cnn2C1,7.89
COC1CN([C@@H]2COc3c(S(=O)(=O)NC(=O)Nc4c5c(cc6c4CCC6)CCC5)cnn3C2)C1,7.92
CN(C)CC1COc2c(S(=O)(=O)NC(=O)Nc3c4c(cc5c3CCC5)CCC4)cnn2C1,5.62
O=C(Nc1c2c(cc3c1CCC3)CCC2)NS(=O)(=O)c1cnn2c1OCCC2,5.92
CN[C@@H]1COc2c(S(=O)(=O)NC(=O)Nc3c4c(cc5c3CCC5)CCC4)cnn2C1,6.4
CN[C@@H]1COc2c(S(=O)(=O)NC(=O)Nc3c4c(cc5c3CCC5)CCC4)cnn2C1,7.29
CN[C@@H]1COc2c(S(=O)(=O)NC(=O)Nc3c4c(cc5c3CCC5)CCC4)cnn2C1,7.32
CN[C@@H]1COc2c(S(=O)(=O)NC(=O)Nc3c4c(cc5c3CCC5)CCC4)cnn2C1,7.8
CN[C@@H]1COc2c(S(=O)(=O)NC(=O)Nc3c4c(cc5c3CCC5)CCC4)cnn2C1,6.42
CN[C@@H]1COc2c(S(=O)(=O)NC(=O)Nc3c4c(cc5c3CCC5)CCC4)cnn2C1,6.31
CN[C@@H]1COc2c(S(=O)(=O)NC(=O)Nc3c4c(cc5c3CCC5)CCC4)cnn2C1,6.54
CN[C@@H]1COc2c(S(=O)(=O)NC(=O)Nc3c4c(cc5c3CCC5)CCC4)cnn2C1,7.77
CN[C@@H]1COc2c(S(=O)(=O)NC(=O)Nc3c4c(cc5c3CCC5)CCC4)cnn2C1,7.77
CN[C@@H]1COc2c(S(=O)(=O)NC(=O)Nc3c4c(cc5c3CCC5)CCC4)cnn2C1,7.77
CCOC(=O)Cn1nc(Cc2ccccc2Cl)oc1=O,5.81
O=C(O)Cn1nc(Cc2ccccc2Cl)oc1=O,5.73
CCOC(=O)Cn1nc(Cc2ccccc2Cl)oc1=O,4.78
O=C(O)Cn1nc(Cc2ccccc2Cl)oc1=O,4.49
COC(=O)CNC(=O)Nc1c2c(cc3c1CCC3)CCC2,5.75
CCOC(=O)c1cnc(Nc2c3c(cc4c2CCC4)CCC3)o1,6.03
CCOC(=O)c1coc(Nc2c3c(cc4c2CCC4)CCC3)n1,6.09
CCOC(=O)c1nnc(Nc2c3c(cc4c2CCC4)CCC3)o1,5.05
O=C(O)c1cnc(Nc2c3c(cc4c2CCC4)CCC3)o1,5.62
CS(=O)(=O)NC(=O)c1cnc(Nc2c3c(cc4c2CCC4)CCC3)o1,5.17
CN(C)S(=O)(=O)NC(=O)c1cnc(Nc2c3c(cc4c2CCC4)CCC3)o1,7.3
CN1CCN(C(=O)c2cnc(Nc3c4c(cc5c3CCC5)CCC4)o2)S1(=O)=O,6.52
CN(C)S(=O)(=O)NC(=O)c1coc(Nc2c3c(cc4c2CCC4)CCC3)n1,7.32
Cc1ccc2c(c1Nc1nc(C(=O)NS(=O)(=O)N(C)C)co1)CCC2,6.82
Cc1ccc(C)c(Nc2nc(C(=O)NS(=O)(=O)N(C)C)co2)c1,6.29
CC(C)c1ccc2c(c1Nc1nc(C(=O)NS(=O)(=O)N(C)C)co1)CCC2,6.58
Cc1ccc(C(C)C)cc1Nc1nc(C(=O)NS(=O)(=O)N(C)C)co1,6.85
Cc1ccc(C(C)(C)C)cc1Nc1nc(C(=O)NS(=O)(=O)N(C)C)co1,7.18
Cc1ccc(C2CCC2)cc1Nc1nc(C(=O)NS(=O)(=O)N(C)C)co1,6.51
Cc1ccc(C(F)(F)F)cc1Nc1nc(C(=O)NS(=O)(=O)N(C)C)co1,7.28
Cc1ccc(C(F)(F)F)nc1Nc1nc(C(=O)NS(=O)(=O)N(C)C)co1,6.26
Cc1ccc(C(F)(F)F)cc1Nc1nc(C(=O)NS(=O)(=O)N(C)C(C)C)co1,7.62
Cc1ccc(C(F)(F)F)cc1Nc1nc(C(=O)NS(=O)(=O)N2CCCCC2)co1,7.38
Cc1ccc(C(F)(F)F)cc1Nc1nc(C(=O)NS(=O)(=O)N2CCOCC2)co1,7.42
Cc1ccc(C(F)(F)F)cc1Nc1nc(C(=O)NS(=O)(=O)N2CCCOCC2)co1,7.68
CC(=O)N1CCCN(S(=O)(=O)NC(=O)c2coc(Nc3cc(C(F)(F)F)ccc3C)n2)CC1,7.18
Cc1ccc(C(F)(F)F)cc1Nc1nc(C(=O)NS(=O)(=O)N2CCCN(S(C)(=O)=O)CC2)co1,7.44
CC(C)(O)c1coc(S(=O)(=O)NC(=O)Nc2c3c(cc4c2CCC4)CCC3)c1,7.22
CN(C)S(=O)(=O)NC(=O)c1coc(Nc2c3c(cc4c2CCC4)CCC3)n1,5.11
Cc1ccc2c(c1Nc1nc(C(=O)NS(=O)(=O)N(C)C)co1)CCC2,4.75
Cc1ccc(C)c(Nc2nc(C(=O)NS(=O)(=O)N(C)C)co2)c1,4.96
CC(C)c1ccc2c(c1Nc1nc(C(=O)NS(=O)(=O)N(C)C)co1)CCC2,5.24
Cc1ccc(C(C)C)cc1Nc1nc(C(=O)NS(=O)(=O)N(C)C)co1,5.17
Cc1ccc(C(C)(C)C)cc1Nc1nc(C(=O)NS(=O)(=O)N(C)C)co1,5.11
Cc1ccc(C(F)(F)F)cc1Nc1nc(C(=O)NS(=O)(=O)N(C)C)co1,5.75
Cc1ccc(C(F)(F)F)nc1Nc1nc(C(=O)NS(=O)(=O)N(C)C)co1,5.33
Cc1ccc(C(F)(F)F)cc1Nc1nc(C(=O)NS(=O)(=O)N2CCCCC2)co1,4.55
Cc1ccc(C(F)(F)F)cc1Nc1nc(C(=O)NS(=O)(=O)N2CCOCC2)co1,5.1
Cc1ccc(C(F)(F)F)cc1Nc1nc(C(=O)NS(=O)(=O)N2CCCOCC2)co1,6.24
CC(=O)N1CCCN(S(=O)(=O)NC(=O)c2coc(Nc3cc(C(F)(F)F)ccc3C)n2)CC1,5.92
Cc1ccc(C(F)(F)F)cc1Nc1nc(C(=O)NS(=O)(=O)N2CCCN(S(C)(=O)=O)CC2)co1,6.16
CC(C)(O)c1coc(S(=O)(=O)NC(=O)Nc2c3c(cc4c2CCC4)CCC3)c1,5.89
CCN1CCC[C@@H](Nc2nc3nc(-c4c(C)cc(Cl)cc4O)ccc3o2)C1,9.4
Cc1cc(Cl)cc(O)c1-c1ccc2oc(N3CC[C@H]4CCN(C)C[C@H]43)nc2n1,9.3
CCN1CCC[C@H](Nc2nc3nc(-c4c(C)cc(Cl)c(F)c4O)ccc3o2)C1.O=C(O)C(F)(F)F,9.22
Cc1cc(Cl)cc(O)c1-c1ccc2oc(N[C@H]3CCCN4CCC[C@H]34)nc2n1,9.22
COC(=O)CCN1CCC[C@H](Nc2nc3nc(-c4c(C)cc(Cl)cc4O)ccc3o2)C1,9.22
CCN1CCC[C@H](Nc2nc3nc(-c4c(C)cc(Cl)cc4O)ccc3o2)C1.O=C(O)C(F)(F)F,9.3
CCN1CCC[C@@H](Nc2cc(C)c(-c3ccc(C#N)cc3O)nn2)C1.O=CO,8.51
CCN1CCC[C@@H](Nc2ccc(-c3c(C)cc(C#N)cc3O)nn2)C1,8.96
Cc1cc(C#N)cc(O)c1-c1ccc(N2CC[C@H]3CCN(C)C[C@H]32)nn1,8.92
Cc1cc(N2CCC3CCN(C)CC32)nnc1-c1ccc(C#N)cc1O,8.74
Cc1cc(N2CC[C@H]3CCN(C)C[C@H]32)nnc1-c1ccc(C#N)cc1O,8.74
CCc1cc(N[C@@H]2CCCN(CC)C2)nnc1-c1ccc(C#N)cc1O,8.25
CCN1CCC[C@@H](Nc2cc(C)c(-c3ccc(C#N)cc3O)nn2)C1.O=CO,8.49
CCN1CCC[C@@H](Nc2ccc(-c3c(C)cc(C#N)cc3O)nn2)C1,8.3
Cc1cc(C#N)cc(O)c1-c1ccc(N2CC[C@H]3CCN(C)C[C@H]32)nn1,8.34
Cc1cc(N2CCC3CCN(C)CC32)nnc1-c1ccc(C#N)cc1O,8.18
Cc1cc(N2CC[C@H]3CCN(C)C[C@H]32)nnc1-c1ccc(C#N)cc1O,8.25
CCc1cc(N[C@@H]2CCCN(CC)C2)nnc1-c1ccc(C#N)cc1O,8.0
CC(C)c1nn(Cc2nnc(C3CCOCC3)o2)c(=O)c2cc3sc(Cl)cc3n12,5.62
CC(C)c1nn(Cc2nnc(-c3cccnc3)o2)c(=O)c2cc3sc(Cl)cc3n12,5.72
CC(C)c1nn(Cc2nnc(C3CCC3)o2)c(=O)c2cc3sc(Cl)cc3n12,6.43
CC(C)c1nn(Cc2nnc(C3CCCC3)o2)c(=O)c2cc3sc(Cl)cc3n12,6.5
CC(C)c1nn(Cc2nnc(C3CCOC3)o2)c(=O)c2cc3sc(Cl)cc3n12,6.43
CC(C)c1nn(Cc2nnc(C3CCCCC3)o2)c(=O)c2cc3sc(Cl)cc3n12,5.72
CC(C)c1nn(Cc2nnc(-c3cccc(C#N)c3)o2)c(=O)c2cc3sc(Cl)cc3n12,6.42
CC(C)c1nn(Cc2nnc(-c3cccc(F)c3)o2)c(=O)c2cc3sc(Cl)cc3n12,6.37
CC(C)c1nn(Cc2nnc(-c3cccc(C(F)(F)F)c3)o2)c(=O)c2cc3sc(Cl)cc3n12,6.01
CC(C)c1nn(Cc2nnc(-c3cnccc3Cl)o2)c(=O)c2cc3sc(Cl)cc3n12,6.3
CC(C)c1nn(Cc2nnc(-c3ncccc3Cl)o2)c(=O)c2cc3sc(Cl)cc3n12,6.11
CC(C)c1nn(Cc2nnc(-c3ccncc3Cl)o2)c(=O)c2cc3sc(Cl)cc3n12,6.16
CC(C)c1nn(Cc2nnc(-c3cccnc3Cl)o2)c(=O)c2cc3sc(Cl)cc3n12,6.06
CC(C)c1nn(Cc2nnc(-c3cnccc3C(F)(F)F)o2)c(=O)c2cc3sc(Cl)cc3n12,6.44
CC(C)c1nn(Cc2nnc(-c3cncc(C(F)(F)F)c3)o2)c(=O)c2cc3sc(Cl)cc3n12,6.17
CC(C)c1nn(Cc2nnc(-c3ccc(C(F)(F)F)nc3)o2)c(=O)c2cc3sc(Cl)cc3n12,6.19
Cc1ccc(-c2nnc(Cn3nc(C(C)C)n4c(cc5sc(Cl)cc54)c3=O)o2)cn1,6.36
CC(C)c1nn(Cc2nnc(-c3cnccn3)o2)c(=O)c2cc3sc(Cl)cc3n12,5.65
CC(C)c1nn(Cc2nnc(-c3ccncn3)o2)c(=O)c2cc3sc(Cl)cc3n12,5.91
CC(C)c1nn(Cc2nnc(-c3ccnc(Cl)n3)o2)c(=O)c2cc3sc(Cl)cc3n12,6.41
Cc1ccc(-c2nnc(Cn3nc(C(C)C)n4c(cc5sc(Cl)cc54)c3=O)o2)c(Cl)n1,6.48
CC(C)c1nn(Cc2nnc(-c3ccc(F)nc3F)o2)c(=O)c2cc3sc(Cl)cc3n12,6.8
CC(C)c1nn(Cc2nnc(-c3cc(F)cnc3Cl)o2)c(=O)c2cc3sc(Cl)cc3n12,6.3
CC(C)c1nn(Cc2nnc(-c3cc(C(F)(F)F)cnc3Cl)o2)c(=O)c2cc3sc(Cl)cc3n12,5.75
CC(C)c1nn(Cc2nnc(-c3ccc(C(F)(F)F)nc3Cl)o2)c(=O)c2cc3sc(Cl)cc3n12,6.5
[2H]C([2H])(c1nnc(-c2ccc(C(F)(F)F)nc2Cl)o1)n1nc(C(C)C)n2c(cc3sc(Cl)cc32)c1=O,6.55
CC(C)c1nn(CC(=O)NC2CCOCC2)c(=O)c2cc3sc(Cl)cc3n12,7.3
CC(C)c1nn(CC(=O)NC2CCOCC2)c(=O)c2cc3sc(Cl)cc3n12,7.43
CCOC(=O)[C@@H](Cc1ncccn1)NC(=O)Nc1c2c(cc3c1CCC3)CCC2,7.44
CCOC(=O)CNC(=O)Nc1c2c(cc3c1CCC3)CCC2,5.8
CC(C)(O)c1coc(S(=O)(=O)NC(=O)Nc2c3c(cc4c2CCC4)CCC3)c1,7.52
CCOC(=O)COC(=O)Nc1c2c(cc3c1CCC3)CCC2,6.36
CCOC(=O)COC(=O)Nc1ccccc1C#N,5.26
CCOC(=O)COC(=O)Nc1ccccc1C(C)C,5.8
CCOC(=O)COC(=O)Nc1cc(C)ccc1C,6.01
CCOC(=O)COC(=O)Nc1cccc(C)c1C,5.85
CCOC(=O)COC(=O)Nc1c(C)cccc1C,6.03
CCOC(=O)COC(=O)Nc1c(C)cc(C)cc1C,6.23
CCOC(=O)COC(=O)Nc1c(C)cccc1CC,5.82
CCOC(=O)COC(=O)Nc1c(C)cccc1C(C)C,6.36
CCOC(=O)COC(=O)Nc1c(C)cccc1C(C)(C)C,5.5
CCOC(=O)COC(=O)Nc1c(CC)cccc1CC,6.09
CCOC(=O)COC(=O)Nc1c(C(C)C)cccc1C(C)C,5.0
CCOC(=O)COC(=O)Nc1c(Cl)cccc1Cl,6.0
CCOC(=O)COC(=O)Nc1c(F)cccc1F,5.72
CCOC(=O)C(Cn1cccn1)OC(=O)Nc1c2c(cc3c1CCC3)CCC2,7.64
CCOC(=O)C(Cn1cccn1)OC(=O)Nc1c(C)cccc1C,6.72
CCOC(=O)C(Cc1ncccn1)OC(=O)Nc1c2c(cc3c1CCC3)CCC2,8.1
CCOC(=O)C(Cc1ncccn1)OC(=O)Nc1c(C)cccc1C,6.57
CCOC(=O)C(Cc1cnccn1)OC(=O)Nc1c2c(cc3c1CCC3)CCC2,7.85
CCOC(=O)C(Cn1cc(C#N)cn1)OC(=O)Nc1c2c(cc3c1CCC3)CCC2,8.7
CCOC(=O)C(Cn1cncn1)OC(=O)Nc1c2c(cc3c1CCC3)CCC2,9.0
CC(C)OC(=O)[C@@H](Cn1cc(C#N)cn1)OC(=O)Nc1c2c(cc3c1CCC3)CCC2,9.82
CC(C)OC(=O)[C@@H](Cn1cncn1)OC(=O)Nc1c2c(cc3c1CCC3)CCC2,9.24
CC(C)OC(=O)[C@@H](Cc1cnccn1)OC(=O)Nc1c2c(cc3c1CCC3)CCC2,9.25
O=C(Nc1c2c(cc3c1CCC3)CCC2)O[C@H](Cc1ncccn1)C(=O)OC1CCCC1,9.21
CC(C)OC(=O)[C@H](Cc1ncccn1)OC(=O)Nc1c2c(cc3c1CCC3)CCC2,6.92
CC(C)OC(=O)[C@@H](Cc1ncccn1)OC(=O)Nc1c2c(cc3c1CCC3)CCC2,9.49
O=C(Nc1c2c(cc3c1CCC3)CCC2)O[C@H](Cc1ncccn1)C(=O)O,7.18
CCOC(=O)[C@@H](Cc1ncccn1)NC(=O)Nc1c2c(cc3c1CCC3)CCC2,6.8
CCOC(=O)CNC(=O)Nc1c2c(cc3c1CCC3)CCC2,4.54
CC(C)(O)c1coc(S(=O)(=O)NC(=O)Nc2c3c(cc4c2CCC4)CCC3)c1,5.54
CCOC(=O)COC(=O)Nc1c2c(cc3c1CCC3)CCC2,6.0
CCOC(=O)COC(=O)Nc1ccccc1C#N,5.17
CCOC(=O)COC(=O)Nc1ccccc1C(C)C,5.26
CCOC(=O)COC(=O)Nc1cc(C)ccc1C,5.54
CCOC(=O)COC(=O)Nc1cccc(C)c1C,4.72
CCOC(=O)COC(=O)Nc1c(C)cccc1C,5.96
CCOC(=O)COC(=O)Nc1c(C)cc(C)cc1C,5.41
CCOC(=O)COC(=O)Nc1c(C)cccc1CC,5.62
CCOC(=O)COC(=O)Nc1c(C)cccc1C(C)C,5.89
CCOC(=O)COC(=O)Nc1c(C)cccc1C(C)(C)C,4.72
CCOC(=O)COC(=O)Nc1c(CC)cccc1CC,4.89
CCOC(=O)COC(=O)Nc1c(Cl)cccc1Cl,5.04
CCOC(=O)COC(=O)Nc1c(F)cccc1F,5.03
CCOC(=O)C(Cn1cccn1)OC(=O)Nc1c2c(cc3c1CCC3)CCC2,6.85
CCOC(=O)C(Cn1cccn1)OC(=O)Nc1c(C)cccc1C,5.77
CCOC(=O)C(Cc1ncccn1)OC(=O)Nc1c2c(cc3c1CCC3)CCC2,7.38
CCOC(=O)C(Cc1ncccn1)OC(=O)Nc1c(C)cccc1C,5.85
CCOC(=O)C(Cc1cnccn1)OC(=O)Nc1c2c(cc3c1CCC3)CCC2,7.7
CCOC(=O)C(Cn1cc(C#N)cn1)OC(=O)Nc1c2c(cc3c1CCC3)CCC2,7.89
CCOC(=O)C(Cn1cncn1)OC(=O)Nc1c2c(cc3c1CCC3)CCC2,7.64
CC(C)OC(=O)[C@@H](Cn1cc(C#N)cn1)OC(=O)Nc1c2c(cc3c1CCC3)CCC2,8.3
CC(C)OC(=O)[C@@H](Cn1cncn1)OC(=O)Nc1c2c(cc3c1CCC3)CCC2,7.89
CC(C)OC(=O)[C@@H](Cc1cnccn1)OC(=O)Nc1c2c(cc3c1CCC3)CCC2,8.22
O=C(Nc1c2c(cc3c1CCC3)CCC2)O[C@H](Cc1ncccn1)C(=O)OC1CCCC1,7.48
CC(C)OC(=O)[C@@H](Cc1ncccn1)OC(=O)Nc1c2c(cc3c1CCC3)CCC2,8.15
O=C(Nc1c2c(cc3c1CCC3)CCC2)O[C@H](Cc1ncccn1)C(=O)O,5.33
CCOC(=O)[C@@H](Cc1ncccn1)NC(=O)Nc1c2c(cc3c1CCC3)CCC2,7.48
CC(C)(O)c1coc(S(=O)(=O)NC(=O)Nc2c3c(cc4c2CCC4)CCC3)c1,7.55
CC(C)OC(=O)[C@@H](Cc1ncccn1)OC(=O)Nc1c2c(cc3c1CCC3)CCC2,8.68
CC(C)[C@H](NS(=O)(=O)c1ccc([N+](=O)[O-])cc1)C(=O)Nc1c2c(cc3c1CCC3)CCC2,8.13
Nc1ccc(S(=O)(=O)N[C@@H](Cc2ccc(O)cc2)C(=O)Nc2c3c(cc4c2CCC4)CCC3)cc1,8.48
Nc1ccc(S(=O)(=O)N2Cc3ccccc3C[C@H]2C(=O)Nc2c3c(cc4c2CCC4)CCC3)cc1,8.27
CC(C)(O)c1ccoc1S(=O)(=O)NC(=O)Nc1c2c(cc3c1CCC3)CCC2,8.09
CN(C)C/C=C/S(=O)(=O)NC(=O)Nc1c2c(cc3c1CCC3)C=CC2,8.44
CC(C)(N)/C=C/[S+]([O-])(=NC#N)NC(=O)Nc1c2c(cc3c1CCC3)CCC2,7.92
CN(C)C/C=C/S(=O)(=O)NC(=O)Nc1c2c(cc3c1CCC3)CCC2,8.49
CN(C)S(=O)(=O)NC(=O)c1cnc(Nc2c3c(cc4c2CCC4)CCC3)o1,7.3
Cc1ccc(C(F)(F)F)cc1Nc1nc(C(=O)NS(=O)(=O)N2CCCC(S(=O)(=O)N(C)C)CC2)co1,8.07
C[C@H](O)Cn1cc(F)c([S+](N)([O-])=NC(=O)Nc2c3c(nc4c2CCC42CC2)CCC3)n1,8.33
N[S+]([O-])(=NC(=O)Nc1c2c(nc(C3CC3)c1C1CC1)CCC2)c1nn(C2CC2)cc1F,7.37
N[S+]([O-])(=NC(=O)Nc1c2c(nc(C(F)(F)F)c1C1CC1)CCC2)c1nn(C2CC2)cc1F,7.39
Cc1cc(Br)cc(C)c1-n1cc2c(=O)[nH]c(NCC(C)C)nc2n1,8.52
Cc1cc(Br)cc(C)c1-n1cc2c(=O)[nH]c(N3C=COCC3)nc2n1,8.52
O=C(CN1CC2(CC2)c2cc(Br)ccc2C1=O)Nc1ncc(F)cn1,7.09
C[C@]1(O)C[C@@H](NC(=O)CN2C[C@@]3(C[C@@H]3F)c3cc(I)ccc3C2=O)C1,8.52
CC(C)c1cc(-c2ccc3c(c2)OC(F)(F)O3)cc(C(C)C)c1CC(=O)NS(=O)(=O)c1sc(C(C)(C)O)nc1CO,8.1
CC(C)c1cc(C#N)c(F)c(C(C)C)c1CC(=O)NS(=O)(=O)c1sc(C(C)(C)O)nc1CCO,6.7
CC(C)c1cc(-c2cccc3ccccc23)cc(C(C)C)c1CC(=O)NS(=O)(=O)c1ccc(CN(C)C)cc1,7.4
COc1cc(-c2ccc3c(c2NC(=O)NS(=O)(=O)c2nc(C(C)(C)O)c[se]2)CCC3)ccn1,7.94
COc1cc(-c2cccc(C(C)C)c2NC(=O)NS(=O)(=O)c2nc(C(C)(C)O)c[se]2)ccn1,7.95
CC(C)(O)c1coc(S(=O)(=O)NC(=O)Nc2c3c(cc4c2CCC4)CCC3)n1,7.42
C[C@@H]1CCc2c1nc1c(c2NC(=O)N=[S+]2([O-])NC(=O)c3ccc(C(C)(C)O)cc32)CCC1,7.4
CCN1CCC[C@H](Nc2ccc(-c3c(C)cc(C(F)(F)F)cc3O)nn2)C1,9.1
Cc1cc(N[C@@H]2CCCN(C)C2)nnc1-c1ccc(C(F)(F)F)cc1O,9.4
CN1CCC[C@@H](Nc2cc(C(F)(F)F)c(-c3ccc(C(F)(F)F)cc3O)nn2)C1,9.4
C[C@@]1(CO)Cn2ncc([S@@+](N)([O-])=NC(=O)Nc3c4c(cc5c3CCC5)CCC4)c2O1,8.72
CS(C)(=O)=Nc1ccc(S(=O)(=O)NC(=O)Nc2c3c(cc4c2CCC4)CCC3)s1,7.44
Cc1cc(NC2CCCN(C3CCC3)C2)nnc1-c1ccc2sccc2c1O,10.15
Cc1cc(N[C@@H]2CCCN(C)C2)nnc1-c1ccc2ccccc2c1O,8.36
Cc1cc(N[C@@H]2CCCN(C)C2)nnc1-c1ccc(-c2ccc(F)cc2)cc1O,8.27
CN1C[C@]2(C)CCCN2[C@H](CS(=O)(=O)NC(=O)Nc2c3c(cc4c2CCC4)CCC3)C1(C)C,8.14
N[S+]([O-])(=NC(=O)Nc1c2c(cc3c1CCC3)CCC2)c1cnn2cc(CO)oc12,8.21
COc1ccc(Cl)cc1C(=O)NCCc1ccc(S(N)(=O)=O)cc1,5.49
CNS(=O)(=O)c1ccc(CCNC(=O)c2cc(Cl)ccc2OC)cc1,5.49
COc1ccc(Cl)cc1C(=O)NCCc1ccc(S(=O)(=O)NO)cc1,5.07
CC(C)c1nn(CC(=O)N[C@@H]2CCCN(C3CCC3)C2)c(=O)c2cc3sc(Cl)cc3n12,9.52
CN(C)c1nn(CC(=O)N[C@H]2C[C@@](C)(O)C2)c(=O)c2cc3sccc3n12,7.77
CC(C)c1nn(CC(=O)Nc2ccc3nncn3c2)c(=O)c2cc3ccccc3n12,7.62
CCNc1cc2c(=O)n(CC(=O)Nc3ccc4nncn4c3)nc(C(C)C)n2n1,7.62
CC(C)c1nn(CC(=O)N[C@H]2CN(C3CCC3)CC[C@H]2O)c(=O)c2cc(C3CC3)nn12,7.68
CC(C)c1nc2c(C(C)C)nn(CC(=O)Nc3ccc4nncn4c3)c(=O)c2s1,7.3
CC(C)c1nn(CC(=O)Nc2ccc3nncn3c2)c(=O)c2sc(C3CC3)nc12,7.64
CCNc1nc2c(C(C)C)nn(CC(=O)Nc3ccc4nncn4c3)c(=O)c2s1,7.64
CC(C)c1nn(CC(=O)Nc2ncc3nc[nH]c3n2)c(=O)c2ccc(C(F)(F)F)cc12,7.62
CC(C)n1nc(CC(=O)Nc2ccc3c(c2)[nH]c(=O)n3C)c(=O)c2ccc(Br)cc21,7.38
CC(C)n1nc(CC(=O)Nc2ccncn2)c(=O)c2ccc(Br)cc21,7.34
CC(C)c1nn(CC(=O)Nc2ccc3nncn3c2)c(=O)c2cc3ccccc3n12,4.7
CCNc1cc2c(=O)n(CC(=O)Nc3ccc4nncn4c3)nc(C(C)C)n2n1,5.15
CC(C)c1nc2c(C(C)C)nn(CC(=O)Nc3ccc4nncn4c3)c(=O)c2s1,4.94
CC(C)c1nn(CC(=O)Nc2ccc3nncn3c2)c(=O)c2sc(C3CC3)nc12,5.3
CC(C)c1nn(CC(=O)N[C@H]2C[C@@](C)(O)C2)c(=O)c2cc3ccsc3n12,7.74
CC(C)c1nn(CC(=O)N[C@H]2C[C@@](C)(O)C2)c(=O)c2cc3c(n12)CC(C)(C)C3,6.83
CC(C)c1nn(CC(=O)Nc2ccncn2)c(=O)c2cc(I)cn12,6.89
CC(C)c1cc2c(=O)n(CC(=O)N[C@@H]3CCCN(C4CCC4)C3)nc(C(C)C)n2c1,7.16
CN1CCC[C@@H](Nc2nnc(-c3ccc(C(F)(F)F)cc3O)c3c2COC3)C1,9.07
C[C@]1(O)C[C@@H](Nc2nnc(-c3ccc(C(F)(F)F)cc3O)c3c2COC3)C1,9.1
Cc1cc(N[C@@H]2CCCN(C)C2)nnc1-c1ccc(C2CC2)cc1O,9.42
CC(C)c1nn(CC(=O)Nc2ncc(F)cn2)c(=O)c2ccc(Br)cc12,6.92
CC(C)c1nn(C(C)C(=O)Nc2ncc(F)cn2)c(=O)c2ccc(Br)cc12,5.44
CC(C)c1nn(CC(=O)Nc2ncncc2F)c(=O)c2ccc(C(F)(F)F)cc12,6.75
O=C(CN1C(=O)c2ccc(Br)c(F)c2C2(CC2)C1=O)Nc1ncc(Cl)cn1,7.26
CCc1c(-c2cccc(F)c2)c(C(C)C)nn(CC(=O)Nc2ncncc2F)c1=O,4.45
CC(C)c1nn(CC(=O)Nc2ncccn2)c(=O)cc1-c1cc(F)cc(F)c1,6.54
CC(C)c1nn(C2(C(=O)Nc3ncccn3)CC2)c(=O)cc1-c1cc(F)cc(F)c1,5.94
CC(C)c1nn(CC(=O)N[C@@H]2CCCN(C3CCC3)C2)c(=O)cc1-c1cccc(Cl)c1,6.04
Cc1c(-c2ccc(C(F)(F)F)cc2O)nnc(NC[C@@H](C)O)c1C#N,8.02
Cc1c(N[C@@H]2CCCC[C@H]2O)nnc(-c2ccc(C(F)(F)F)cc2O)c1C,8.08
Cc1nc(NC(C)c2cccc(O)c2)nnc1-c1ccc(C(F)(F)F)cc1O,9.3
Clc1ccc(-c2nnc(NCC3CCCO3)c3ccccc23)cc1,6.57
Clc1ccc(-c2nnc(NCC3CCCO3)c3cnccc23)cc1,6.44
C[C@]1(O)C[C@@H](Nc2nnc(-c3ccc(C(F)(F)F)cc3O)c3c2COC3)C1,9.1
C[C@]1(O)C[C@@H](Nc2nnc(-c3ccc(C#N)cc3O)c3c2CCCC3)C1,8.52
Cc1ccc(-c2nnc(N[C@@H]3CCCN(C)C3)c3cscc23)c(O)c1,7.96
Cc1ccc(-c2nnc(N[C@@H]3CCCN(C)C3)c3c2C2C=CC3CC2)c(O)c1,9.0
Cc1cnc(-c2nnc(N[C@@H]3CCCN(C)C3)c3ccccc23)c(O)c1,7.82
CCN1CCC[C@@H](Nc2nnc(-c3ccc(Cl)cc3O)n(C)c2=O)C1,8.23
CCN1CCC[C@H](Nc2nnc(-c3ccc4c(c3O)CCO4)n(C)c2=O)C1,7.8
CCN1CCC[C@@H](Nc2ccc(-c3c(C)cc(C(F)(F)F)cc3O)nn2)C1,9.0
Cc1cc(C(F)(F)F)cc(O)c1-c1ccc(Nc2cccnc2)nn1,7.03
Cc1cc(C(F)(F)F)cc(O)c1-c1ccc(Nc2cncnc2)nn1,6.55
C=CCN1C(=O)/C(=C2/C(=O)Nc3ccccc32)SC1=S,6.3
COCCN1C(=O)/C(=C2/C(=O)Nc3ccccc32)SC1=S,6.4
CCCCCN1C(=O)/C(=C2\SC(=S)N(Cc3ccco3)C2=O)c2cc(Br)ccc21,6.52
C=C1C(=O)[C@]23[C@H](O)[C@@H]1CC[C@H]2[C@@]12CO[C@@]3(O)[C@@H](O)[C@@H]1C(C)(C)CC[C@@H]2O,5.29
C=C1C(=O)[C@@]23C(CC[C@@H]1[C@H]2OC(=O)Nc1cccc(Cl)c1)[C@@]12CO[C@]3(O)[C@@H](O)[C@@H]1C(C)(C)CC[C@@H]2O,6.35
COCCCNC(=O)c1ccc(Cn2c(SCc3ccc(Br)cc3)nc3ccncc32)cc1,4.54
COCCCNC(=O)c1ccc(Cn2c(SCc3ccc(C#N)cc3)nc3ccncc32)cc1,4.61
COCCCNC(=O)c1ccc(Cn2c(SCc3ccc([N+](=O)[O-])cc3)nc3ccncc32)cc1,4.67
COCCCNC(=O)c1ccc(Cn2c(SCc3ccc(C(F)(F)F)cc3)nc3ccncc32)cc1,4.88
COCCCNC(=O)c1ccc(Cn2c(SCc3ccc(F)nc3)nc3ccncc32)cc1,4.28
COCCCNC(=O)c1ccc(Cn2c(SCC3CCCCC3)nc3ccncc32)cc1,4.94
COCCCNC(=O)c1ccc(Cn2c(SCC3CCCC3)nc3ccncc32)cc1,4.57
COCCCNC(=O)c1ccc(Cn2c(SCC=C(C)C)nc3ccncc32)cc1,4.48
COCCCNC(=O)c1ccc(Cn2c(SCc3ccc(F)cc3)nc3ccncc32)cc1,4.74
O=C(c1ccc(Cn2c(SCC3CCCCC3)nc3ccncc32)cc1)N1CCNCC1,5.48
CC(=O)Nc1ccc(Cn2c(SCC3CCCCC3)nc3ccncc32)cc1,4.99
COC(=O)c1ccc(Cn2c(SCC3CCCCC3)nc3ccncc32)cc1,4.86
CS(=O)(=O)N1CCCc2ccc(NS(=O)(=O)c3ccccc3F)cc21,4.88
CC(=O)c1ccc(S(=O)(=O)Nc2ccc3c(c2)N(S(C)(=O)=O)CCC3)cc1,4.82
CS(=O)(=O)N1CCCc2ccc(NS(=O)(=O)c3ccc(-c4ccccc4)cc3)cc21,5.47
CS(=O)(=O)N1CCCc2ccc(NS(=O)(=O)c3ccc4ccccc4c3)cc21,4.99
COc1ccc(S(=O)(=O)Nc2ccc3c(c2)N(S(C)(=O)=O)CCC3)cc1,5.06
COC(=O)c1ccc(S(=O)(=O)Nc2ccc3c(c2)N(S(C)(=O)=O)CCC3)cc1,4.84
O=C(O)c1ccc(/C=C2\SC(=S)N(Cc3cccc(C(F)(F)F)c3)C2=O)cc1,5.27
C#CCCC1(CCN2CCCc3ccc(NS(=O)(=O)c4ccc(-c5ccccc5)cc4)cc32)N=N1,5.32
CS(=O)(=O)CCC#N,6.0
CN1CCC[C@]1(C)/C=C/S(=O)(=O)NC(=O)Nc1c2c(cc3c1CCC3)CCC2,8.06
COc1ccc(Cl)cc1C(=O)NCCc1ccc(S(=O)(=O)NC(=O)NC2CCCCC2)cc1,5.0
CC(C)(O)c1coc(S(=O)(=O)NC(=O)Nc2c3c(cc4c2CCC4)CCC3)c1,8.12
CC(C)(O)c1coc(S(=O)(=O)NC(=O)Nc2c3c(cc4c2CCC4)CCC3)c1,8.09
CN[C@@H]1COc2c(S(=O)(=O)NC(=O)Nc3c4c(cc5c3CCC5)CCC4)cnn2C1,7.29
CN[C@@H]1COc2c(S(=O)(=O)NC(=O)Nc3c4c(cc5c3CCC5)CCC4)cnn2C1,7.2
C=C1C(=O)[C@]23[C@H](O)[C@H]1CC[C@H]2[C@@]12CO[C@]3(O)[C@@H](O)[C@@H]1C(C)(C)CC[C@@H]2O,5.29
CCc1nn(CC(=O)Nc2cccc(C(C)=O)c2)c(=O)c2cc3sccc3n12,6.2
CCc1nn(CC(=O)Nc2ccccc2)c(=O)c2cc3sccc3n12,6.48
CCc1nn(CC(=O)NC)c(=O)c2cc3sccc3n12,5.58
CCc1nn(CC(=O)N(C)c2ccccc2)c(=O)c2cc3sccc3n12,4.09
CCc1nn(CC(=O)Nc2cccnc2)c(=O)c2cc3sccc3n12,6.6
CCc1nn(CC(=O)Nc2ccncn2)c(=O)c2cc3sccc3n12,6.98
CCc1nn(CC(=O)Nc2cccc(O)c2)c(=O)c2cc3sccc3n12,7.37
CCc1nn(CC(=O)NC2CCCNC2)c(=O)c2cc3sccc3n12,5.94
O=C(Cn1ncn2c(cc3sccc32)c1=O)Nc1cccnc1,5.72
CCCc1nn(CC(=O)Nc2cccnc2)c(=O)c2cc3sccc3n12,5.76
CC(C)c1nn(CC(=O)Nc2cccnc2)c(=O)c2cc3sccc3n12,7.16
O=C(Cn1nc(C2CC2)n2c(cc3sccc32)c1=O)Nc1cccnc1,6.94
CC(C)(O)c1nn(CC(=O)Nc2cccnc2)c(=O)c2cc3sccc3n12,7.07
CC(C)c1nn(CC(=O)Nc2cccnc2)c(=O)c2cc3sc(F)cc3n12,6.64
CC(C)c1nn(CC(=O)Nc2cccnc2)c(=O)c2cc3sc(Cl)cc3n12,6.84
CC(C)c1nn(CC(=O)N[C@@H]2CCCNC2)c(=O)c2cc3sc(Cl)cc3n12,6.97
CC(C)c1nn(CC(=O)N[C@@H]2CCCN(C)C2)c(=O)c2cc3sc(Cl)cc3n12,7.08
CC(C)c1nn(CC(=O)NC2CCOCC2)c(=O)c2cc3sc(Cl)cc3n12,6.78
CN1CCC[C@@H](NC(=O)Cn2nc(C(C)(C)O)n3c(cc4sc(Cl)cc43)c2=O)C1,7.05
CC(C)(O)c1nn(CC(=O)N[C@H]2C[C@@](C)(O)C2)c(=O)c2cc3sc(Cl)cc3n12,8.22
CC(C)c1nn(CC(=O)N[C@@H]2CCCN(C)C2)c(=O)c2cc3scnc3n12,7.17
CCc1nn(CC(=O)Nc2cccnc2)c(=O)c2cc3sccc3n12,5.42
O=C(Cn1ncn2c(cc3sccc32)c1=O)Nc1cccnc1,5.14
CCCc1nn(CC(=O)Nc2cccnc2)c(=O)c2cc3sccc3n12,4.8
CC(C)c1nn(CC(=O)Nc2cccnc2)c(=O)c2cc3sccc3n12,5.7
O=C(Cn1nc(C2CC2)n2c(cc3sccc32)c1=O)Nc1cccnc1,5.5
CC(C)(O)c1nn(CC(=O)Nc2cccnc2)c(=O)c2cc3sccc3n12,5.95
CC(C)c1nn(CC(=O)Nc2cccnc2)c(=O)c2cc3sc(F)cc3n12,5.06
CC(C)c1nn(CC(=O)Nc2cccnc2)c(=O)c2cc3sc(Cl)cc3n12,5.01
CC(C)c1nn(CC(=O)N[C@@H]2CCCNC2)c(=O)c2cc3sc(Cl)cc3n12,5.99
CC(C)c1nn(CC(=O)N[C@@H]2CCCN(C)C2)c(=O)c2cc3sc(Cl)cc3n12,6.15
CC(C)c1nn(CC(=O)NC2CCOCC2)c(=O)c2cc3sc(Cl)cc3n12,5.52
CN1CCC[C@@H](NC(=O)Cn2nc(C(C)(C)O)n3c(cc4sc(Cl)cc43)c2=O)C1,6.67
CC(C)(O)c1nn(CC(=O)N[C@H]2C[C@@](C)(O)C2)c(=O)c2cc3sc(Cl)cc3n12,7.03
CC(C)c1nn(CC(=O)N[C@@H]2CCCN(C)C2)c(=O)c2cc3scnc3n12,6.3
CCc1nn(CC(=O)Nc2cccc(C(C)=O)c2)c(=O)c2cc3sccc3n12,5.95
CN1CCC[C@@H](NC(=O)Cn2nc(C(C)(C)O)n3c(cc4sc(Cl)cc43)c2=O)C1,6.58
C=C1C(=O)O[C@@H]2C[C@@]3(C)CC[C@@H](OC(=O)CCC)C(=C)[C@@H]3C[C@H]12,5.52
C=C1C(=O)O[C@@H]2C[C@@]3(C)CC[C@@H](OC(=O)CCCCC)C(=C)[C@@H]3C[C@H]12,5.7
C=C1C(=O)O[C@@H]2C[C@@]3(C)CC[C@@H](OC(=O)CCCCCCC)C(=C)[C@@H]3C[C@H]12,5.64
C=C1C(=O)O[C@@H]2C[C@@]3(C)CC[C@@H](OC(=O)C(CC)CC)C(=C)[C@@H]3C[C@H]12,5.6
C=C1C(=O)O[C@@H]2C[C@@]3(C)CC[C@@H](OC(=O)C4CC4)C(=C)[C@@H]3C[C@H]12,5.51
C=C1C(=O)O[C@@H]2C[C@@]3(C)CC[C@@H](OC(=O)CCCCl)C(=C)[C@@H]3C[C@H]12,5.74
C=C1C(=O)O[C@@H]2C[C@@]3(C)CC[C@@H](OC(=O)CCCCCCl)C(=C)[C@@H]3C[C@H]12,5.75
C=CCCC(=O)O[C@@H]1CC[C@]2(C)C[C@H]3OC(=O)C(=C)[C@H]3C[C@H]2C1=C,5.75
C=C1C(=O)O[C@@H]2C[C@@]3(C)CC[C@@H](OC(=O)/C=C/C(=O)OCC)C(=C)[C@@H]3C[C@H]12,5.95
C=C1C(=O)O[C@@H]2C[C@@]3(C)CCCC(=C)[C@@H]3C[C@H]12,5.18
C=C1C(=O)O[C@@H]2C[C@@]3(C)CC[C@@H](OC(=O)c4ccccc4)C(=C)[C@@H]3C[C@H]12,5.91
C=C1C(=O)O[C@@H]2C[C@@]3(C)CC[C@@H](OC(=O)c4ccc(F)cc4)C(=C)[C@@H]3C[C@H]12,5.92
C=C1C(=O)O[C@@H]2C[C@@]3(C)CC[C@@H](OC(=O)c4ccc(C(F)(F)F)cc4)C(=C)[C@@H]3C[C@H]12,5.95
C=C1C(=O)O[C@@H]2C[C@@]3(C)CC[C@@H](OC(=O)Cc4ccc5ccccc5c4)C(=C)[C@@H]3C[C@H]12,5.71
C=C1C(=O)O[C@@H]2C[C@@]3(C)CC[C@@H](OC(=O)c4ccco4)C(=C)[C@@H]3C[C@H]12,5.49
C=C1C(=O)O[C@@H]2C[C@@]3(C)CC[C@@H](OC(=O)c4cccs4)C(=C)[C@@H]3C[C@H]12,5.75
C=C1C(=O)O[C@@H]2C[C@@]3(C)CC[C@@H](OC(=O)c4cccnc4)C(=C)[C@@H]3C[C@H]12,5.73
C=C1C(=O)O[C@@H]2C[C@@]3(C)CC[C@@H](OC(=O)c4ccc(F)nc4)C(=C)[C@@H]3C[C@H]12,5.71
C=C1C(=O)O[C@@H]2C[C@@]3(C)CC[C@@H](OC(=O)c4ccc(Cl)nc4)C(=C)[C@@H]3C[C@H]12,5.75
C=C1C(=O)O[C@@H]2C[C@@]3(C)CC[C@@H](OC(=O)c4ccc(C(F)(F)F)nc4)C(=C)[C@@H]3C[C@H]12,5.75
C=C1C(=O)O[C@@H]2C[C@@]3(C)CC[C@@H](OC(=O)c4c(Cl)ccnc4Cl)C(=C)[C@@H]3C[C@H]12,6.24
C=C1C(=O)O[C@@H]2C[C@@]3(C)CC[C@@H](OC(=O)c4cnc(Cl)cc4Cl)C(=C)[C@@H]3C[C@H]12,6.54
C=C1C(=O)O[C@@H]2C[C@@]3(C)CC[C@@H](OC(=O)c4cc(Cl)cnc4Cl)C(=C)[C@@H]3C[C@H]12,6.29
C=C1C(=O)O[C@@H]2C[C@@]3(C)CC[C@@H](OC(=O)/C=C/c4ccccc4)C(=C)[C@@H]3C[C@H]12,5.91
C=C1C(=O)O[C@@H]2C[C@@]3(C)CC[C@@H](OC(=O)/C=C/C(=O)c4ccccc4)C(=C)[C@@H]3C[C@H]12,6.08
C=C1C(=O)O[C@@H]2C[C@@]3(C)CC[C@@H](OC(=O)/C=C/C(=O)c4ccc(F)cc4)C(=C)[C@@H]3C[C@H]12,6.04
C=C1C(=O)O[C@@H]2C[C@@]3(C)CC[C@@H](OC(=O)/C=C/C(=O)c4ccc(C(F)(F)F)cc4)C(=C)[C@@H]3C[C@H]12,6.0
C=C1C(=O)O[C@@H]2C[C@@]3(C)CC[C@@H](OC(=O)/C=C/C(=O)c4ccc(C)cc4)C(=C)[C@@H]3C[C@H]12,5.89
C=C1C(=O)O[C@@H]2C[C@@]3(C)CC[C@@H](OC(=O)/C=C/C(=O)c4ccc(OC)cc4)C(=C)[C@@H]3C[C@H]12,5.91
C=C1C(=O)O[C@@H]2C[C@@]3(C)CC[C@@H](NC(=O)/C=C/C(=O)OCC)C(=C)[C@@H]3C[C@H]12,5.81
C=C1C(=O)O[C@@H]2C[C@@]3(C)CC[C@@H](NC(=O)c4ccc(C(F)(F)F)cc4)C(=C)[C@@H]3C[C@H]12,5.58
C=C1C(=O)O[C@@H]2C[C@@]3(C)CC[C@@H](NC(=O)/C=C/C(=O)c4ccccc4)C(=C)[C@@H]3C[C@H]12,5.85
C=C1C(=O)O[C@@H]2C[C@@]3(C)CC[C@@H](NC(=O)/C=C/C(=O)c4ccc(F)cc4)C(=C)[C@@H]3C[C@H]12,5.87
CC(C)(O)c1coc(S(=O)(=O)NC(=O)Nc2c3c(cc4c2CCC4)CCC3)c1,8.01
CC(C)n1ccc(S(=O)(=O)NC(=O)Nc2c3c(cc4c2CCC4)CCC3)n1,7.4
C=C1C(=O)O[C@@H]2C[C@@]3(C)CC[C@@H](OC(=O)c4cnc(Cl)cc4Cl)C(=C)[C@@H]3C[C@H]12,7.35
CC(C)c1cccc(C(C)C)c1NC(=O)NS(=O)(=O)c1ccc(Br)s1,6.11
Cc1cccc(S(=O)(=O)NC(=O)Nc2c(C(C)C)cccc2C(C)C)c1,6.2
Cc1ccc(S(=O)(=O)NC(=O)Nc2c(C(C)C)cccc2C(C)C)cc1,5.86
CC(C)(C)c1ccc(S(=O)(=O)NC(=O)Nc2cccc3ccccc23)cc1,5.23
CC(C)c1cc(Br)cc(C(C)C)c1NC(=O)NS(=O)(=O)c1ccc2ccccc2c1,5.86
COc1ccc(-c2ccc3c(c2NC(=O)NS(=O)(=O)c2ccc(C(C)(C)C)cc2)CCC3)cc1,5.09
COc1cccc(-c2ccc3c(c2NC(=O)NS(=O)(=O)c2ccc(C(C)(C)C)cc2)CCC3)c1,5.04
COc1ccc(-c2ccc3c(c2NC(=O)NS(=O)(=O)c2ccc(Br)s2)CCC3)cc1,5.54
COc1ccc(-c2ccc(S(=O)(=O)NC(=O)Nc3c(-c4cccc(OC)c4)ccc4c3CCC4)s2)cc1,5.03
CCOc1cc(C(=O)N(C)Cc2cccc3cn[nH]c23)ccc1-c1ccccc1,7.77
CCOc1cc(C(=O)N(C)Cc2cccc3cn[nH]c23)ccc1-c1cccc(F)c1,7.6
CCOc1cc(C(=O)N(C)Cc2cccc3cn[nH]c23)ccc1-c1cccc(C(F)(F)F)c1,7.28
CCOc1cc(C(=O)N(C)Cc2cccc3cn[nH]c23)ccc1-c1cccc(C#N)c1,7.09
CCOc1cc(C(=O)N(C)Cc2cccc3cn[nH]c23)ccc1-c1ccccc1F,6.7
CCOc1cc(C(=O)N(C)Cc2cccc3cn[nH]c23)ccc1-c1cc(F)cc(C#N)c1,7.85
CCOc1cc(C(=O)N(C)Cc2cccc3cn[nH]c23)ccc1-c1ccc(F)c(F)c1,7.55
CCCOc1cc(C(=O)N(C)Cc2cccc3cn[nH]c23)ccc1-c1cccc(F)c1,6.47
CN(Cc1cccc2cn[nH]c12)C(=O)c1ccc(-c2cccc(F)c2)c(OCC(F)F)c1,6.89
CC(C)Oc1cc(C(=O)N(C)Cc2cccc3cn[nH]c23)ccc1-c1cccc(F)c1,6.29
CN(Cc1cccc2cn[nH]c12)C(=O)c1ccc(-c2cccc(F)c2)c(OC2CC2)c1,7.85
CN(Cc1cccc2cn[nH]c12)C(=O)c1ccc(-c2cccc(F)c2)c(OC2CCC2)c1,7.08
CN(Cc1cccc2cn[nH]c12)C(=O)c1ccc(-c2cccc(F)c2)c(OC2COC2)c1,6.17
CCOc1cc(C(=O)N(C)Cc2ccc(F)c3cn[nH]c23)ccc1-c1cccc(F)c1,7.48
CCOc1cc(C(=O)N(C)Cc2ccc(C#N)c3cn[nH]c23)ccc1-c1cccc(F)c1,6.57
CCOc1cc(C(=O)N(C)Cc2ccc(Cl)c3cn[nH]c23)ccc1-c1cccc(F)c1,6.54
CCOc1cc(C(=O)N(C)Cc2ccc(OC)c3cn[nH]c23)ccc1-c1cccc(F)c1,6.2
CCOc1cc(C(=O)N(C)Cc2ccc(OCF)c3cn[nH]c23)ccc1-c1cccc(F)c1,6.95
CCOc1cc(C(=O)N(C)Cc2ccc(C)c3cn[nH]c23)ccc1-c1cccc(F)c1,7.66
Cc1nc(N[C@H]2CCCN(CC(C)O)C2)nnc1-c1ccc2c(c1O)CCO2,7.89
Cc1nc(N[C@@H]2CCCN(CCO)C2)nnc1-c1ccc2c(c1O)CCO2,8.64
Cc1nc(N[C@@H]2CCCN(CCCO)C2)nnc1-c1ccc2c(c1O)CCO2,7.8
Cc1nc(N[C@@H]2CCCN(CCCC(=O)O)C2)nnc1-c1ccc2c(c1O)CCO2,8.38
Cc1nc(N[C@H]2CCCN(CCc3ncco3)C2)nnc1-c1ccc2c(c1O)CCO2,7.8
Cc1nc(N[C@H]2CCCN(CCCC(=O)N3CCCC3)C2)nnc1-c1ccc2c(c1O)CCO2,8.3
N#CCCS(=O)(=O)C/C(=C\c1ccc(Cl)cc1)C(=O)NCCc1ccccc1,5.39
CCCNC(=O)/C(=C/c1ccc(Cl)cc1)CS(=O)(=O)CCC#N,5.16
N#CCCS(=O)(=O)C/C(=C\c1ccc(Cl)cc1)C(=O)NC1CC1,5.14
N#CCCS(=O)(=O)C/C(=C\c1ccc(Cl)cc1)C(=O)NC1CCCC1,5.01
N#CCCS(=O)(=O)C/C(=C\c1ccc(Cl)cc1)C(=O)NCCc1ccc(S(N)(=O)=O)cc1,5.36
N#CCCS(=O)(=O)C/C(=C\c1ccc(Br)cc1)C(=O)NC1CC1,5.37
N#CCCS(=O)(=O)C/C(=C\c1ccc(Br)cc1)C(=O)NC1CCCC1,5.12
N#CCCS(=O)(=O)C/C(=C\c1ccc(Br)cc1)C(=O)NCCc1ccccc1,5.97
N#CCCS(=O)(=O)C/C(=C\c1cccc(Cl)c1)C(=O)NC1CC1,5.0
N#CCCS(=O)(=O)C/C(=C\c1cccc(Cl)c1)C(=O)NCCc1ccccc1,5.1
N#CCCS(=O)(=O)C/C(=C\c1cccc(Br)c1)C(=O)NCCc1ccccc1,5.29
N#CCCS(=O)(=O)C/C(=C\c1ccc(Br)cc1)C(=O)NCCc1cccnc1,5.3
N#CCCS(=O)(=O)C/C(=C\c1ccc(Br)cc1)C(=O)NCCc1ccncc1,6.02
N#CCCS(=O)(=O)C/C(=C\c1ccc(Br)cc1)C(=O)NCCc1ccccc1F,5.99
N#CCCS(=O)(=O)C/C(=C\c1ccc(Br)cc1)C(=O)NCCc1ccccc1Cl,6.15
N#CCCS(=O)(=O)C/C(=C\c1ccc(Br)cc1)C(=O)NCCc1ccccc1Br,6.17
COc1ccccc1CCNC(=O)/C(=C/c1ccc(Br)cc1)CS(=O)(=O)CCC#N,6.58
N#CCCS(=O)(=O)C/C(=C\c1ccc(Br)cc1)C(=O)NCCc1cccc(F)c1,5.36
N#CCCS(=O)(=O)C/C(=C\c1ccc(Br)cc1)C(=O)NCCc1cccc(Cl)c1,6.37
N#CCCS(=O)(=O)C/C(=C\c1ccc(Br)cc1)C(=O)NCCc1cccc(Br)c1,6.09
COc1cccc(CCNC(=O)/C(=C/c2ccc(Br)cc2)CS(=O)(=O)CCC#N)c1,5.73
N#CCCSC/C(=C\c1ccc(Cl)cc1)C(=O)NCCc1ccccc1,4.76
CC(C)(O)c1coc(S(=O)(=O)NC(=O)Nc2c3c(cc4c2CCC4)CCC3)c1,7.92
O=C(/C=C/c1ccc(Cl)cc1)NCCc1ccccc1,4.56
COc1ccccc1CCNC(=O)/C(=C/c1ccc(Br)cc1)CS(=O)(=O)CCC#N,6.58
OCCN1CCC[C@@H](Nc2nnc(-c3ccc4occc4c3O)c3c2C2CCC3CC2)C1,8.54
CCN1CCC[C@@H](N2CCOc3cc(-c4c(C)cc(C#N)cc4O)nnc32)C1.O=CO,8.47
CCN1CCC[C@@H](N2CCCc3cc(-c4c(C)cc(C#N)cc4O)nnc32)C1,8.32
Cc1cc2c(c(O)c1-c1cc3c(nn1)N([C@@H]1CCCC[C@H]1O)CCO3)CCC2.O=C(O)C(F)(F)F,8.0
Cc1cc2c(c(O)c1-c1cc3c(nn1)N([C@@H]1CCCC[C@H]1O)CCO3)CCO2,7.96
Cc1c(-c2ccc3c(c2O)CCC3)nnc2c1OCCN2[C@@H]1CCCC[C@H]1O.O=C(O)C(F)(F)F,7.54
Cc1c(-c2ccc3c(c2O)CC3)nnc2c1OCCN2[C@@H]1CCCC[C@H]1O.O=C(O)C(F)(F)F,7.92
CC(C)(O)c1coc(S(=O)(=O)NC(=O)Nc2c3c(cc4c2CCC4)CCC3)c1,8.09
C=C(Cc1ccccc1Cl)C(=O)NCCc1ccc(S(N)(=O)=O)cc1,4.13
O=c1[nH]c(-c2ccc([N+](=O)[O-])cc2)nc2ccccc12,5.3
O=C(O)CCCCCN1C(=O)/C(=C/c2c[nH]c3ccccc23)SC1=S,4.86
COc1ccc(N2C(=O)/C(=C\c3ccccc3C(F)(F)F)SC2=S)cc1,5.64
CCn1c(NC(=O)Cn2nc(C(F)(F)F)c(Cl)c2C)nc2ccccc21,4.73
Cc1cccc(C(=O)Nc2ncn(Cc3ccc(Cl)c(Cl)c3)n2)c1,4.64
N#Cc1cc(-c2ccc3c(c2CC(=O)NS(=O)(=O)c2ccn(C4CC4)n2)CCC3)ccn1,5.3
CC(C)c1cc(F)cc(-c2ccncc2)c1CC(=O)NS(=O)(=O)c1ccn(C2CC2)n1,5.82
COc1cc(-c2cc(F)cc(C(C)C)c2CC(=O)NS(=O)(=O)c2cn(C3CC3)cn2)ccn1,5.3
COc1cc(-c2cc(F)cc(C(C)C)c2CC(=O)NS(=O)(=O)c2ccn(C3CC3)n2)ccn1,5.3
N#Cc1cc(-c2ccc3c(c2CC(=O)NS(=O)(=O)c2cnn(C4CC4)n2)CCC3)ccn1,5.3
CC(C)c1cc(F)cc(-c2cccnc2)c1CC(=O)NS(=O)(=O)c1cnn(C2CC2)c1,5.3
CCC1(c2cc(S(=O)(=O)NC(=O)Cc3c4c(cc5c3CCC5)CCC4)nn2C(C)C)COC1,5.3
CCC1(c2cc(S(=O)(=O)NC(=O)Cc3c4c(cc5c3CCC5)CCC4)nn2C2CC2)COC1,5.3
CC(c1cc(S(=O)(=O)NC(=O)Cc2c3c(cc4c2CCC4)CCC3)nn1C1CC1)N(C)C,5.3
CC(C)c1cc(F)cc(C(C)C)c1CC(=O)NS(=O)(=O)c1cc(CN(C)C)n(C2CC2)n1,5.3
COc1cc(-c2ccc3c(c2CC(=O)NS(=O)(=O)c2ccn(C4CC4)n2)CCC3)ccn1,5.3
COc1cc(-c2cc(F)cc(C(C)C)c2CC(=O)NS(=O)(=O)c2cnn(C3CC3)c2)ccn1,5.82
COc1cc(-c2cc(F)cc(C(C)C)c2CC(=O)NS(=O)(=O)c2cnn(C3CC3)n2)ccn1,5.3
COc1cc(-c2cc(F)cc(C(C)C)c2CC(=O)NS(=O)(=O)c2ncn(C3CC3)n2)ccn1,5.3
CC(C)c1cc(F)cc(-c2cccnc2)c1CC(=O)NS(=O)(=O)c1ncn(C2CC2)n1,5.3
COc1cc(-c2ccc3c(c2CC(=O)NS(=O)(=O)c2cnn(C4CC4)c2)CCC3)ccn1,5.3
CC(C)c1cc(F)cc(C(C)C)c1CC(=O)NS(=O)(=O)c1cnn(C2CC2)c1,5.3
CC(C)c1cc(F)cc(C(C)C)c1CC(=O)NS(=O)(=O)c1cnn(C2CC2)n1,5.3
CC(C)c1cc(F)cc(-c2cccnc2)c1CC(=O)NS(=O)(=O)c1cnn(C2CC2)n1,5.3
CC(C)c1cc(F)cc(C(C)C)c1CC(=O)NS(=O)(=O)c1cn(C2CC2)cn1,5.3
Cc1cc(C)c(-c2ccc(N(C)C3CC(C)(C)NC(C)(C)C3)nn2)c(O)c1,5.59
Cc1cc(C)c(-c2ccc(NC(C)C)nn2)c(O)c1,6.37
Oc1cc(Cl)cc(Cl)c1-c1ccc(NC2CC2)nn1,6.38
CN(C)c1ccc(-c2c(O)cc(Cl)cc2Cl)nn1,5.83
OCCNc1ccc(-c2c(O)cc(Cl)cc2Cl)nn1,6.72
Oc1cc(Cl)cc(Cl)c1-c1ccc(NCC(F)(F)F)nn1,6.68
CN1CCC[C@@H](Nc2ccc(-c3c(O)cc(Cl)cc3Cl)nn2)C1,8.7
Cc1cc(C)c(-c2ccc(N[C@@H]3CCCN(C)C3)nn2)c(O)c1,9.0
COc1cc(C)cc(C)c1-c1ccc(N[C@@H]2CCCN(C)C2)nn1,5.51
Cc1cc(C(F)(F)F)cc(O)c1-c1ccc(N[C@@H]2CCCN(C)C2)nn1,9.0
Cc1cc(C(F)(F)F)cc(O)c1-c1ccc(O[C@@H]2CCCN(C)C2)nn1,7.58
Cc1cc(C(F)(F)F)cc(O)c1-c1ccc(N[C@H]2CCCN(C)C2)nn1,6.38
Cc1cc(C(F)(F)F)cc(O)c1-c1ccc(N[C@@H]2CCN(C)C2)nn1,7.55
Cc1cc(C(F)(F)F)cc(O)c1-c1ccc(N[C@@H]2CCCNC2)nn1,8.52
CCN1CCC[C@@H](Nc2ccc(-c3c(C)cc(C(F)(F)F)cc3O)nn2)C1,9.0
Cc1cc(C(F)(F)F)cc(O)c1-c1ccc(N[C@@H]2CCCN(CCO)C2)nn1,9.0
Cc1cc(C)c(-c2ccc(N(C)C3CC(C)(C)NC(C)(C)C3)nn2)c(O)c1,4.34
COc1cc(C)cc(C)c1-c1ccc(N[C@@H]2CCCN(C)C2)nn1,4.63
Cc1cc(C)c(-c2ccc(N[C@@H]3CCCN(C)C3)nn2)c(O)c1,8.1
CN1CCC[C@@H](Nc2ccc(-c3c(O)cc(Cl)cc3Cl)nn2)C1,7.82
Cc1cc(C(F)(F)F)cc(O)c1-c1ccc(N[C@@H]2CCCN(C)C2)nn1,8.1
Cc1cc(C(F)(F)F)cc(O)c1-c1ccc(O[C@@H]2CCCN(C)C2)nn1,6.77
Cc1cc(C(F)(F)F)cc(O)c1-c1ccc(N[C@H]2CCCN(C)C2)nn1,5.54
Cc1cc(C(F)(F)F)cc(O)c1-c1ccc(N[C@@H]2CCN(C)C2)nn1,6.43
Cc1cc(C(F)(F)F)cc(O)c1-c1ccc(N[C@@H]2CCCNC2)nn1,7.55
CCN1CCC[C@@H](Nc2ccc(-c3c(C)cc(C(F)(F)F)cc3O)nn2)C1,8.15
Cc1cc(C(F)(F)F)cc(O)c1-c1ccc(N[C@@H]2CCCN(CCO)C2)nn1,8.05
Cc1cc(C)c(-c2ccc(N(C)C3CC(C)(C)NC(C)(C)C3)nn2)c(O)c1,4.88
Cc1cc(C)c(-c2ccc3cccnc3n2)c(O)c1,4.8
Cc1cc(C)c(-c2ccc(NC(C)C)nn2)c(O)c1,5.95
CC(C)(O)c1coc(S(=O)(=O)NC(=O)Nc2c3c(cc4c2CCC4)CCC3)c1,7.57
CC(C)c1cc(I)cc(C(C)C)c1NC(=O)NS(=O)(=O)c1cc(C(C)(C)O)co1,7.51
Cc1cccc(-c2ccc3c(c2NC(=O)NS(=O)(=O)c2cc(C(C)(C)O)co2)CCC3)c1,7.12
CC(C)(O)c1coc(S(=O)(=O)NC(=O)Nc2c(-c3ccc([N+](=O)[O-])cc3)ccc3c2CCC3)c1,8.22
Cc1cc(F)ccc1-c1ccc2c(c1NC(=O)NS(=O)(=O)c1cc(C(C)(C)O)co1)CCC2,6.25
CC(C)(O)c1coc(S(=O)(=O)NC(=O)Nc2c(-c3cccc(OC(F)(F)F)c3)ccc3c2CCC3)c1,6.45
CC(C)(O)c1coc(S(=O)(=O)NC(=O)Nc2c(-c3ccnc(F)c3)ccc3c2CCC3)c1,7.57
CCCCNC(=O)c1cccc(-c2ccc3c(c2NC(=O)NS(=O)(=O)c2cc(C(C)(C)O)co2)CCC3)c1,7.08
CCCCOc1cccc(-c2ccc3c(c2NC(=O)NS(=O)(=O)c2cc(C(C)(C)O)co2)CCC3)c1,6.54
CCOc1ccc2cc(-c3ccc4c(c3NC(=O)NS(=O)(=O)c3cc(C(C)(C)O)co3)CCC4)ccc2c1,7.14
COc1cncc(-c2ccc3c(c2NC(=O)NS(=O)(=O)c2cc(C(C)(C)O)co2)CCC3)c1,7.5
COCCOc1ccc(-c2ccc3c(c2NC(=O)NS(=O)(=O)c2cc(C(C)(C)O)co2)CCC3)cc1,6.61
O=C(Nc1c(-c2ccc([N+](=O)[O-])cc2)ccc2c1CCC2)NS(=O)(=O)c1cnn2c1OCCC2,6.17
COC(=O)c1csc(S(=O)(=O)NC(=O)Nc2c(-c3ccc([N+](=O)[O-])cc3)ccc3c2CCC3)c1,6.48
CC(C)(O)c1csc(S(=O)(=O)NC(=O)Nc2c(-c3ccc([N+](=O)[O-])cc3)ccc3c2CCC3)c1,7.92
CN[C@H]1COc2c(S(=O)(=O)NC(=O)Nc3c(-c4ccc([N+](=O)[O-])cc4)ccc4c3CCC4)cnn2C1,6.58
CC(=O)c1ccc(S(=O)(=O)NC(=O)Nc2c(-c3ccc([N+](=O)[O-])cc3)ccc3c2CCC3)cc1,6.37
Nc1cccc(S(=O)(=O)NC(=O)Nc2c(-c3ccc([N+](=O)[O-])cc3)ccc3c2CCC3)c1,6.39
O=C(Nc1c(-c2ccc([N+](=O)[O-])cc2)ccc2c1CCC2)NS(=O)(=O)c1cccc(Br)n1,6.67
O=C(Nc1c(-c2ccc([N+](=O)[O-])cc2)ccc2c1CCC2)NS(=O)(=O)c1ccccc1,6.45
O=C(Nc1c(-c2ccc([N+](=O)[O-])cc2)ccc2c1CCC2)NS(=O)(=O)c1cccs1,7.27
CC(C)(O)c1coc(S(=O)(=O)NC(=O)Nc2c3c(cc4c2CCC4)CCC3)c1,6.64
CC(C)(O)c1ncc([S@](N)(=O)=NC(=O)Nc2c3c(cc4c2CCC4)CCC3)s1,7.89
CC(C)(O)c1csc([S@](N)(=O)=NC(=O)Nc2c3c(cc4c2CCC4)CCC3)c1,7.82
CC(C)(O)c1cnc([S@](N)(=O)=NC(=O)Nc2c3c(cc4c2CCC4)CCC3)s1,7.39
CC(C)(O)c1csc([S@](N)(=O)=NC(=O)Nc2c3c(cc4c2CCC4)CCC3)n1,8.22
CC(C)(O)c1nc([S@](N)(=O)=NC(=O)Nc2c3c(cc4c2CCC4)CCC3)cs1,6.92
CC(C)(O)c1ncc([S@](N)(=O)=NC(=O)Nc2c3c(c(F)c4c2CCC4)CCC3)s1,7.92
CC(C)(O)c1csc(S(=O)(=O)NC(=O)Nc2c3c(cc4c2CCC4)CCC3)c1,6.57
CC(C)n1ccc(S(=O)(=O)NC(=O)Nc2c3c(cc4c2CCC4)CCC3)n1,5.76
CC(C)(O)c1ncc(S(=O)(=O)NC(=O)Nc2c3c(cc4c2CCC4)CCC3)s1,6.68
CC(C)(O)c1coc([S@](N)(=O)=NC(=O)Nc2c3c(cc4c2CCC4)CCC3)c1,7.89
CC(C)(O)c1coc([S@@](N)(=O)=NC(=O)Nc2c3c(cc4c2CCC4)CCC3)c1,5.89
CC(C)(O)c1csc([S@@](N)(=O)=NC(=O)Nc2c3c(cc4c2CCC4)CCC3)c1,6.16
CC(C)n1ccc([S@](N)(=O)=NC(=O)Nc2c3c(cc4c2CCC4)CCC3)n1,7.02
CC(C)n1ccc([S@@](N)(=O)=NC(=O)Nc2c3c(cc4c2CCC4)CCC3)n1,5.26
CC(C)(O)c1ncc([S@@](N)(=O)=NC(=O)Nc2c3c(cc4c2CCC4)CCC3)s1,6.1
CC(C)c1csc([S@](N)(=O)=NC(=O)Nc2c3c(cc4c2CCC4)CCC3)c1,6.77
CC(C)(O)c1ncc([S@](N)(=O)=NC(=O)Nc2c3c(nc4c2CCC4)CCC3)s1,6.47
CC(C)(O)c1coc(S(N)(=O)=NC(=O)Nc2c3c(cc4c2CCC4)CCC3)c1,7.54
CC(C)(O)c1csc(S(N)(=O)=NC(=O)Nc2c3c(cc4c2CCC4)CCC3)c1,7.7
CC(C)n1ccc(S(N)(=O)=NC(=O)Nc2c3c(cc4c2CCC4)CCC3)n1,6.86
CC(C)(O)c1ncc(S(N)(=O)=NC(=O)Nc2c3c(cc4c2CCC4)CCC3)s1,7.44
CC(C)(O)c1coc(S(=O)(=O)NC(=O)Nc2c3c(cc4c2CCC4)CCC3)c1,6.12
CC(C)(O)c1ncc([S@](N)(=O)=NC(=O)Nc2c3c(cc4c2CCC4)CCC3)s1,6.75
CC(C)(O)c1csc([S@](N)(=O)=NC(=O)Nc2c3c(cc4c2CCC4)CCC3)c1,6.89
CC(C)(O)c1cnc([S@](N)(=O)=NC(=O)Nc2c3c(cc4c2CCC4)CCC3)s1,6.72
CC(C)(O)c1csc([S@](N)(=O)=NC(=O)Nc2c3c(cc4c2CCC4)CCC3)n1,7.17
CC(C)(O)c1nc([S@](N)(=O)=NC(=O)Nc2c3c(cc4c2CCC4)CCC3)cs1,6.68
CC(C)(O)c1ncc([S@](N)(=O)=NC(=O)Nc2c3c(c(F)c4c2CCC4)CCC3)s1,6.52
CC(C)c1csc([S@](N)(=O)=NC(=O)Nc2c3c(cc4c2CCC4)CCC3)c1,6.17
CC(C)(O)c1ncc([S@](N)(=O)=NC(=O)Nc2c3c(nc4c2CCC4)CCC3)s1,6.28
CC(C)(O)c1ncc([S@](N)(=O)=NC(=O)Nc2c3c(cc4c2CCC4)CCC3)s1,8.49
CC(C)(O)c1ncc([S@](N)(=O)=NC(=O)Nc2c3c(cc4c2CCC4)CCC3)s1,8.44
CC(C)(O)c1ncc([S@](N)(=O)=NC(=O)Nc2c3c(cc4c2CCC4)CCC3)s1,8.43
CC(C)(O)c1ncc([S@](N)(=O)=NC(=O)Nc2c3c(cc4c2CCC4)CCC3)s1,6.74
CC(C)(O)c1ncc([S@](N)(=O)=NC(=O)Nc2c3c(cc4c2CCC4)CCC3)s1,7.64
CC(C)(O)c1ncc([S@](N)(=O)=NC(=O)Nc2c3c(cc4c2CCC4)CCC3)s1,7.64
CC(C)(O)c1ncc([S@](N)(=O)=NC(=O)Nc2c3c(cc4c2CCC4)CCC3)s1,7.64
CC(C)c1ccc([N+](=O)[O-])c(C(C)C)c1NC(=O)NS(=O)(=O)c1cc(C(C)(C)O)co1,6.92
CC(C)c1cccc(C(C)C)c1NC(=O)NS(=O)(=O)c1cc(C(C)(C)O)co1,7.43
CC(C)(O)c1coc(S(=O)(=O)NC(=O)Nc2c3c(cc4c2CCC4)CCC3)c1,7.72
CC(C)(O)c1coc(S(=O)(=O)NC(=O)Nc2c(-c3cccc(Cl)c3Cl)ccc3c2CCC3)c1,8.0
CC(C)(O)c1coc(S(=O)(=O)NC(=O)Nc2c(-c3cncnc3)ccc3c2CCC3)c1,6.82
CC(C)(O)c1coc(S(=O)(=O)NC(=O)Nc2c(-c3cccs3)ccc3c2CCC3)c1,6.53
CC(C)(O)c1coc(S(=O)(=O)NC(=O)Nc2c(-c3ccc4ccccc4c3)ccc3c2CCC3)c1,7.72
CC(C)(O)c1csc(S(=O)(=O)NC(=O)Nc2c(-c3cccc(Cl)c3Cl)ccc3c2CCC3)c1,8.1
O=C(Nc1c(-c2cccc(Cl)c2Cl)ccc2c1CCC2)NS(=O)(=O)c1cccc(Br)n1,6.94
O=C(Nc1c(-c2cccc(Cl)c2Cl)ccc2c1CCC2)NS(=O)(=O)CCO,6.18
O=C(Nc1c(-c2cccc(Cl)c2Cl)ccc2c1CCC2)NS(=O)(=O)c1ccc2ccccc2c1,7.14
O=C(Nc1c(-c2cccc(Cl)c2Cl)ccc2c1CCC2)NS(=O)(=O)c1cnn2c1OCCC2,7.14
CC(C)(O)c1csc(C(=O)NC2(C(=O)Nc3c(-c4cccc(Cl)c4Cl)ccc4c3CCC4)CC2)c1,6.16
CCCNS(=O)(=O)c1ccc(-c2ccccc2N(Cc2ccc(C(F)(F)F)cc2)C(=O)Cc2ccsc2)cc1,6.24
CCCNS(=O)(=O)c1ccc(-c2ccccc2N(Cc2cc(Cl)ccc2OCCC)C(=O)Cc2ccsc2)cc1,6.24
C#CCNS(=O)(=O)c1ccc(CCN(CCc2cc(Cl)ccc2OCCC)C(=O)Cc2ccsc2)cc1,6.23
CCc1cc2c(c(O)c1-c1nnc(N[C@@H]3CCCN(CC)C3)c(=O)n1C)CCO2.O=CO,8.05
CCN1CCC[C@@H](Nc2nnc(-c3c(C)cc4c(c3O)CCO4)n(CC)c2=O)C1.O=CO,7.89
CCN1CCC[C@@H](Nc2nnc(-c3c(C)cc4c(c3O)CCO4)n(C)c2=O)C1.O=CO,8.3
CCN1CCC[C@@H](Nc2nnc(-c3c(C)cc4c(c3O)CCC4)n(C)c2=O)C1.O=CO,8.22
CCN1CCC[C@@H](Nc2nnc(-c3c(C)cc4c(c3O)CCC4)n(C)c2=O)C1.O=CO,8.4
CCN1CCC[C@H](Nc2nnc(-c3c(O)cc4c(c3COC)CCC4)n(C)c2=O)C1,8.1
CN1CCC[C@@H](Nc2nnc(-c3ccc(C(F)(F)F)cc3O)c3c2CCC3)C1,6.5
CN1CCC[C@@H](Nc2ccc(-c3ccc(C(F)(F)F)cc3O)nn2)C1,8.35
CN1CCC[C@@H](Nc2nnc(-c3ccc(C(F)(F)F)cc3O)c3c2CCC3)C1,8.59
CN1CCC[C@@H](Nc2nnc(-c3ccc(C(F)(F)F)cc3O)c3c2CCCC3)C1,8.68
Cc1cc(C(F)(F)F)cc(O)c1-c1nnc(N[C@@H]2CCCN(C)C2)c2c1CCC2,8.2
CN1CCC[C@@H](Nc2nnc(-c3ccc(C(F)(F)F)cc3O)c3ccccc23)C1,8.7
CN1CCC[C@@H](Nc2nnc(-c3ccc(C(F)(F)F)cc3O)c3cccnc23)C1,8.89
CN1CCC[C@@H](Nc2nnc(-c3ccc(C(F)(F)F)cc3O)c3ncccc23)C1,8.74
Oc1cc(C(F)(F)F)ccc1-c1nnc(N[C@@H]2CCOC[C@H]2O)c2c1CCC2,7.39
CN1CCC[C@@H](Nc2nnc(-c3ccc(C(F)(F)F)cc3O)c3ccnn23)C1,6.27
CN1CCC[C@@H](Nc2nnc(-c3ccc(C(F)(F)F)cc3O)c3cccn23)C1,8.43
Oc1cc(C(F)(F)F)ccc1-c1nnc(N[C@@H]2CCCN3CCC[C@@H]23)n2nccc12,8.08
Oc1cc(C(F)(F)F)ccc1-c1nnc(N[C@@H]2CCCN3CCC[C@@H]23)n2cccc12,8.24
CN1C[C@H](F)C[C@@H](Nc2nnc(-c3ccc(C(F)(F)F)cc3O)c3ccnn23)C1,7.5
CN1C[C@H](Nc2nnc(-c3ccc(C(F)(F)F)cc3O)c3ccnn23)CC(F)(F)C1,6.02
OCCN1CCC[C@@H](Nc2nnc(-c3ccc(C(F)(F)F)cc3O)c3ccnn23)C1,7.75
Cc1ccc(-c2nnc(N[C@@H]3CCCN(C)C3)n3nccc23)c(O)c1,7.96
Cc1cc(C(F)(F)F)cc(O)c1-c1nnc(N[C@@H]2CCCN(C)C2)n2nccc12,8.0
Cc1cnn2c(N[C@@H]3CCCN(C)C3)nnc(-c3ccc(C(F)(F)F)cc3O)c12,7.89
CN1CCC[C@@H](Nc2nnc(-c3ccc(C(F)(F)F)cc3O)n3ccnc23)C1,7.89
CN1CCC[C@@H](Nc2nnc(-c3ccc(C(F)(F)F)cc3)n3ccnc23)C1,6.55
CN1CCC[C@@H](Nc2nnc(-c3ccccc3O)n3ccnc23)C1,7.09
Cc1ccc(-c2nnc(N[C@@H]3CCCN(C)C3)c3nccn23)c(O)c1,8.49
CN1CCC[C@@H](Nc2nnc(-c3ccc(Cl)cc3O)n3ccnc23)C1,8.17
CN1CCC[C@@H](Nc2nnc(-c3ccc(OC(F)(F)F)cc3O)n3ccnc23)C1,8.08
COc1ccc(-c2nnc(N[C@@H]3CCCN(C)C3)c3nccn23)c(O)c1,8.35
CCN1CCC[C@@H](Nc2nnc(-c3ccc(C(F)(F)F)cc3O)n3ccnc23)C1,8.06
Oc1cc(C(F)(F)F)ccc1-c1nnc(N[C@@H]2CCCN3CCC[C@@H]23)c2nccn12,8.16
CN1C[C@H](F)C[C@@H](Nc2nnc(-c3ccc(C(F)(F)F)cc3O)n3ccnc23)C1,7.66
CN1C[C@@H](F)C[C@H](Nc2nnc(-c3ccc(C(F)(F)F)cc3O)n3ccnc23)C1,5.61
CN1CCC[C@@H](N(C)c2nnc(-c3ccc(C(F)(F)F)cc3O)n3ccnc23)C1,7.33
COc1ccc(-c2nnc(N(C)[C@@H]3CCCN(C)C3)c3nccn23)c(O)c1,7.28
CN1CCC[C@@H](Nc2nnc(-c3ccc(C(F)(F)F)cc3O)c3c2CCC3)C1,5.47
CN1CCC[C@@H](Nc2nnc(-c3ccc(C(F)(F)F)cc3O)c3c2CCC3)C1,8.1
CN1CCC[C@@H](Nc2nnc(-c3ccc(C(F)(F)F)cc3O)c3c2CCC3)C1,7.17
CN1CCC[C@@H](Nc2nnc(-c3ccc(C(F)(F)F)cc3O)n3ccnc23)C1,7.37
Cn1c(-c2ccc3c(c2O)CCO3)nnc(N[C@@H]2CCCN(CCO)C2)c1=O,7.9
Cn1c(-c2ccc3c(c2O)CCC3)nnc(N[C@@H]2CCCN(CCO)C2)c1=O,7.96
Cn1c(-c2ccc3c(c2O)CCC3)nnc(N[C@@H]2CCCN(CCCO)C2)c1=O.O=CO,7.68
Cn1c(-c2ccc3c(c2O)CC3)nnc(N[C@@H]2CCCN(CCO)C2)c1=O,8.24
CC(=O)N1CCC[C@@H](Nc2nnc(-c3ccc4c(c3O)CCC4)n(C)c2=O)C1,7.29
Oc1c(-c2nnc(N[C@@H]3CCCC[C@H]3O)c3cnccc23)ccc2c1CCC2,8.52
Oc1c(-c2nnc(N[C@@H]3CCCC[C@H]3O)c3cnccc23)ccc2c1CCO2,8.4
Oc1c(-c2nnc(N[C@H]3CCCC[C@@H]3O)c3cnccc23)ccc2c1CC2,8.52
Cc1cc2c(c(O)c1-c1nnc(N[C@@H]3CCCC[C@H]3O)c3cnccc13)CCO2,7.96
CNC(=O)[C@H]1CCC[C@@H](Nc2nnc(-c3ccc4c(c3O)CCO4)c3ccncc23)C1,8.0
Oc1c(-c2nnc(N[C@@H]3CCOC[C@H]3O)c3cnccc23)ccc2c1CCO2,8.15
